Model_ID,N_features,Features,Train_R2_CV,Val_R2_CV,Gap,CV_RMSE,Adj_R2,AIC,BIC,Test_R2,Test_RMSE,Unstable,Rank
508,8,"Monopole, Dipole_1, Q_2, C6, r2, r2_acc, Polarizability, Polar_acc",0.9915,0.976,0.0154,1.4186,0.9891,46.6,79.23,0.9847,1.3095,Scaffold_BX-6,1
403,6,"Monopole, Dipole_1, Q_2, C6, r2, Polarizability",0.9915,0.976,0.0154,1.4186,0.9894,42.6,70.56,0.9847,1.3095,Scaffold_BX-6,2
483,7,"Monopole, Dipole_1, Q_2, C6, r2, Polarizability, Polar_acc",0.9915,0.976,0.0154,1.4186,0.9892,44.6,74.89,0.9847,1.3095,Scaffold_BX-6,3
481,7,"Monopole, Dipole_1, Q_2, C6, r2, r2_acc, Polarizability",0.9915,0.976,0.0154,1.4186,0.9892,44.6,74.89,0.9847,1.3095,Scaffold_BX-6,4
482,7,"Monopole, Dipole_1, Q_2, C6, r2, r2_acc, Polar_acc",0.991,0.9754,0.0156,1.5351,0.9886,48.92,79.22,0.9704,1.8218,Scaffold_BX-6,5
271,5,"Monopole, Dipole_1, Q_2, C6, r2",0.991,0.9754,0.0156,1.5351,0.989,44.92,70.56,0.9704,1.8218,Scaffold_BX-6,6
404,6,"Monopole, Dipole_1, Q_2, C6, r2, Polar_acc",0.991,0.9754,0.0156,1.5351,0.9888,46.92,74.89,0.9704,1.8218,Scaffold_BX-6,7
402,6,"Monopole, Dipole_1, Q_2, C6, r2, r2_acc",0.991,0.9754,0.0156,1.5351,0.9888,46.92,74.89,0.9704,1.8218,Scaffold_BX-6,8
283,5,"Monopole, Dipole_1, C6, r2, Polar_acc",0.9906,0.9738,0.0168,1.6462,0.9882,50.16,75.8,0.9829,1.3857,Scaffold_BX-6,9
413,6,"Monopole, Dipole_1, C6, r2, r2_acc, Polar_acc",0.9906,0.9738,0.0168,1.6462,0.988,52.16,80.13,0.9829,1.3857,Scaffold_BX-6,10
281,5,"Monopole, Dipole_1, C6, r2, r2_acc",0.9906,0.9738,0.0168,1.6462,0.9882,50.16,75.8,0.9829,1.3857,Scaffold_BX-6,11
141,4,"Monopole, Dipole_1, C6, r2",0.9906,0.9738,0.0168,1.6462,0.9884,48.16,71.47,0.9829,1.3857,Scaffold_BX-6,12
486,7,"Monopole, Dipole_1, C6, r2, r2_acc, Polarizability, Polar_acc",0.9907,0.9732,0.0176,1.5972,0.9881,52.36,82.66,0.9906,1.029,"Polarizability, Scaffold_BX-6",13
282,5,"Monopole, Dipole_1, C6, r2, Polarizability",0.9907,0.9732,0.0176,1.5972,0.9885,48.36,73.99,0.9906,1.029,"Polarizability, Scaffold_BX-6",14
412,6,"Monopole, Dipole_1, C6, r2, r2_acc, Polarizability",0.9907,0.9732,0.0176,1.5972,0.9883,50.36,78.33,0.9906,1.029,"Polarizability, Scaffold_BX-6",15
414,6,"Monopole, Dipole_1, C6, r2, Polarizability, Polar_acc",0.9907,0.9732,0.0176,1.5972,0.9883,50.36,78.33,0.9906,1.029,"Polarizability, Scaffold_BX-6",16
504,8,"Monopole, Dipole_1, Q_0, Q_2, C6, r2, Polarizability, Polar_acc",0.9921,0.9715,0.0206,1.5361,0.9897,42.35,74.98,0.9875,1.1824,"Scaffold_BX-6, Scaffold_Benzene",17
511,9,"Monopole, Dipole_1, Q_0, Q_2, C6, r2, r2_acc, Polarizability, Polar_acc",0.9921,0.9715,0.0206,1.5361,0.9895,44.35,79.31,0.9875,1.1824,"Scaffold_BX-6, Scaffold_Benzene",18
502,8,"Monopole, Dipole_1, Q_0, Q_2, C6, r2, r2_acc, Polarizability",0.9921,0.9715,0.0206,1.5361,0.9897,42.35,74.98,0.9875,1.1824,"Scaffold_BX-6, Scaffold_Benzene",19
467,7,"Monopole, Dipole_1, Q_0, Q_2, C6, r2, Polarizability",0.9921,0.9715,0.0206,1.5361,0.9898,40.35,70.65,0.9875,1.1824,"Scaffold_BX-6, Scaffold_Benzene",20
394,6,"Monopole, Dipole_1, Q_0, C6, r2, Polar_acc",0.9908,0.9714,0.0194,1.7722,0.988,51.92,79.89,0.9809,1.4636,"Q_0, Scaffold_BX-6",21
261,5,"Monopole, Dipole_1, Q_0, C6, r2",0.9908,0.9714,0.0194,1.7722,0.9882,49.92,75.56,0.9809,1.4636,"Q_0, Scaffold_BX-6",22
477,7,"Monopole, Dipole_1, Q_0, C6, r2, r2_acc, Polar_acc",0.9908,0.9714,0.0194,1.7722,0.9878,53.92,84.22,0.9809,1.4636,"Q_0, Scaffold_BX-6",23
392,6,"Monopole, Dipole_1, Q_0, C6, r2, r2_acc",0.9908,0.9714,0.0194,1.7722,0.988,51.92,79.89,0.9809,1.4636,"Q_0, Scaffold_BX-6",24
466,7,"Monopole, Dipole_1, Q_0, Q_2, C6, r2, r2_acc",0.9912,0.9703,0.0208,1.8198,0.9886,48.92,79.22,0.9706,1.8164,"Q_0, Q_2, Scaffold_BX-6",25
503,8,"Monopole, Dipole_1, Q_0, Q_2, C6, r2, r2_acc, Polar_acc",0.9912,0.9703,0.0208,1.8198,0.9884,50.92,83.55,0.9706,1.8164,"Q_0, Q_2, Scaffold_BX-6",26
382,6,"Monopole, Dipole_1, Q_0, Q_2, C6, r2",0.9912,0.9703,0.0208,1.8198,0.9888,46.92,74.89,0.9706,1.8164,"Q_0, Q_2, Scaffold_BX-6",27
468,7,"Monopole, Dipole_1, Q_0, Q_2, C6, r2, Polar_acc",0.9912,0.9703,0.0208,1.8198,0.9886,48.92,79.22,0.9706,1.8164,"Q_0, Q_2, Scaffold_BX-6",28
393,6,"Monopole, Dipole_1, Q_0, C6, r2, Polarizability",0.9916,0.9681,0.0235,1.712,0.989,45.69,73.66,0.9925,0.9187,"Scaffold_BX-6, Scaffold_Benzene",29
478,7,"Monopole, Dipole_1, Q_0, C6, r2, Polarizability, Polar_acc",0.9916,0.9681,0.0235,1.712,0.9888,47.69,77.99,0.9925,0.9187,"Scaffold_BX-6, Scaffold_Benzene",30
476,7,"Monopole, Dipole_1, Q_0, C6, r2, r2_acc, Polarizability",0.9916,0.9681,0.0235,1.712,0.9888,47.69,77.99,0.9925,0.9187,"Scaffold_BX-6, Scaffold_Benzene",31
507,8,"Monopole, Dipole_1, Q_0, C6, r2, r2_acc, Polarizability, Polar_acc",0.9916,0.9681,0.0235,1.712,0.9886,49.69,82.32,0.9925,0.9187,"Scaffold_BX-6, Scaffold_Benzene",32
472,7,"Monopole, Dipole_1, Q_0, Q_2, r2, r2_acc, Polarizability",0.9903,0.9644,0.0259,1.612,0.9878,54.41,84.71,0.9914,0.9839,"Q_2, Scaffold_BX-6",33
387,6,"Monopole, Dipole_1, Q_0, Q_2, r2, Polarizability",0.9903,0.9644,0.0259,1.612,0.9879,52.41,80.38,0.9914,0.9839,"Q_2, Scaffold_BX-6",34
506,8,"Monopole, Dipole_1, Q_0, Q_2, r2, r2_acc, Polarizability, Polar_acc",0.9903,0.9644,0.0259,1.612,0.9876,56.41,89.04,0.9914,0.9839,"Q_2, Scaffold_BX-6",35
474,7,"Monopole, Dipole_1, Q_0, Q_2, r2, Polarizability, Polar_acc",0.9903,0.9644,0.0259,1.612,0.9878,54.41,84.71,0.9914,0.9839,"Q_2, Scaffold_BX-6",36
416,6,"Monopole, Dipole_1, r2, r2_acc, Polarizability, Polar_acc",0.9887,0.9642,0.0245,1.7228,0.986,63.87,91.83,0.9903,1.0427,"Scaffold_BX-6, Scaffold_Benzene",37
146,4,"Monopole, Dipole_1, r2, Polarizability",0.9887,0.9642,0.0245,1.7228,0.9864,59.87,83.17,0.9903,1.0427,"Scaffold_BX-6, Scaffold_Benzene",38
289,5,"Monopole, Dipole_1, r2, Polarizability, Polar_acc",0.9887,0.9642,0.0245,1.7228,0.9862,61.87,87.5,0.9903,1.0427,"Scaffold_BX-6, Scaffold_Benzene",39
287,5,"Monopole, Dipole_1, r2, r2_acc, Polarizability",0.9887,0.9642,0.0245,1.7228,0.9862,61.87,87.5,0.9903,1.0427,"Scaffold_BX-6, Scaffold_Benzene",40
480,7,"Monopole, Dipole_1, Q_0, r2, r2_acc, Polarizability, Polar_acc",0.9899,0.9628,0.0271,1.7297,0.9871,58.37,88.67,0.9902,1.0502,Scaffold_BX-6,41
400,6,"Monopole, Dipole_1, Q_0, r2, Polarizability, Polar_acc",0.9899,0.9628,0.0271,1.7297,0.9873,56.37,84.34,0.9902,1.0502,Scaffold_BX-6,42
398,6,"Monopole, Dipole_1, Q_0, r2, r2_acc, Polarizability",0.9899,0.9628,0.0271,1.7297,0.9873,56.37,84.34,0.9902,1.0502,Scaffold_BX-6,43
266,5,"Monopole, Dipole_1, Q_0, r2, Polarizability",0.9899,0.9628,0.0271,1.7297,0.9875,54.37,80.0,0.9902,1.0502,Scaffold_BX-6,44
410,6,"Monopole, Dipole_1, Q_2, r2, Polarizability, Polar_acc",0.9893,0.9627,0.0266,1.8189,0.9867,59.85,87.82,0.9919,0.9543,"Q_2, Scaffold_BX-6, Scaffold_Benzene",45
276,5,"Monopole, Dipole_1, Q_2, r2, Polarizability",0.9893,0.9627,0.0266,1.8189,0.9869,57.85,83.49,0.9919,0.9543,"Q_2, Scaffold_BX-6, Scaffold_Benzene",46
485,7,"Monopole, Dipole_1, Q_2, r2, r2_acc, Polarizability, Polar_acc",0.9893,0.9627,0.0266,1.8189,0.9865,61.85,92.15,0.9919,0.9543,"Q_2, Scaffold_BX-6, Scaffold_Benzene",47
408,6,"Monopole, Dipole_1, Q_2, r2, r2_acc, Polarizability",0.9893,0.9627,0.0266,1.8189,0.9867,59.85,87.82,0.9919,0.9543,"Q_2, Scaffold_BX-6, Scaffold_Benzene",48
263,5,"Monopole, Dipole_1, Q_0, C6, Polarizability",0.9865,0.9535,0.0329,2.1506,0.983,77.81,103.45,0.969,1.8664,Scaffold_BX-6,49
395,6,"Monopole, Dipole_1, Q_0, C6, r2_acc, Polarizability",0.9865,0.9535,0.0329,2.1506,0.9827,79.81,107.78,0.969,1.8664,Scaffold_BX-6,50
397,6,"Monopole, Dipole_1, Q_0, C6, Polarizability, Polar_acc",0.9865,0.9535,0.0329,2.1506,0.9827,79.81,107.78,0.969,1.8664,Scaffold_BX-6,51
479,7,"Monopole, Dipole_1, Q_0, C6, r2_acc, Polarizability, Polar_acc",0.9865,0.9535,0.0329,2.1506,0.9824,81.81,112.11,0.969,1.8664,Scaffold_BX-6,52
145,4,"Monopole, Dipole_1, r2, r2_acc",0.9783,0.9443,0.034,2.2683,0.9738,109.9,133.21,0.9886,1.1292,Scaffold_BX-6,53
147,4,"Monopole, Dipole_1, r2, Polar_acc",0.9783,0.9443,0.034,2.2683,0.9738,109.9,133.21,0.9886,1.1292,Scaffold_BX-6,54
288,5,"Monopole, Dipole_1, r2, r2_acc, Polar_acc",0.9783,0.9443,0.034,2.2683,0.9734,111.9,137.54,0.9886,1.1292,Scaffold_BX-6,55
49,3,"Monopole, Dipole_1, r2",0.9783,0.9443,0.034,2.2683,0.9742,107.9,128.88,0.9886,1.1292,Scaffold_BX-6,56
399,6,"Monopole, Dipole_1, Q_0, r2, r2_acc, Polar_acc",0.9835,0.9411,0.0424,2.2197,0.9791,94.25,122.22,0.9895,1.0841,"Q_0, Scaffold_BX-6",57
265,5,"Monopole, Dipole_1, Q_0, r2, r2_acc",0.9835,0.9411,0.0424,2.2197,0.9794,92.25,117.89,0.9895,1.0841,"Q_0, Scaffold_BX-6",58
132,4,"Monopole, Dipole_1, Q_0, r2",0.9835,0.9411,0.0424,2.2197,0.9797,90.25,113.56,0.9895,1.0841,"Q_0, Scaffold_BX-6",59
267,5,"Monopole, Dipole_1, Q_0, r2, Polar_acc",0.9835,0.9411,0.0424,2.2197,0.9794,92.25,117.89,0.9895,1.0841,"Q_0, Scaffold_BX-6",60
277,5,"Monopole, Dipole_1, Q_2, r2, Polar_acc",0.9814,0.9394,0.042,2.5805,0.9756,105.32,130.96,0.9889,1.1143,"Q_2, Scaffold_BX-6, Scaffold_Benzene",61
409,6,"Monopole, Dipole_1, Q_2, r2, r2_acc, Polar_acc",0.9814,0.9394,0.042,2.5805,0.9752,107.32,135.29,0.9889,1.1143,"Q_2, Scaffold_BX-6, Scaffold_Benzene",62
137,4,"Monopole, Dipole_1, Q_2, r2",0.9814,0.9394,0.042,2.5805,0.9759,103.32,126.62,0.9889,1.1143,"Q_2, Scaffold_BX-6, Scaffold_Benzene",63
275,5,"Monopole, Dipole_1, Q_2, r2, r2_acc",0.9814,0.9394,0.042,2.5805,0.9756,105.32,130.96,0.9889,1.1143,"Q_2, Scaffold_BX-6, Scaffold_Benzene",64
415,6,"Monopole, Dipole_1, C6, r2_acc, Polarizability, Polar_acc",0.9816,0.9345,0.0471,2.6005,0.9755,106.24,134.21,0.9329,2.7437,Scaffold_BX-6,65
284,5,"Monopole, Dipole_1, C6, r2_acc, Polarizability",0.9816,0.9345,0.0471,2.6005,0.9759,104.24,129.88,0.9329,2.7437,Scaffold_BX-6,66
143,4,"Monopole, Dipole_1, C6, Polarizability",0.9816,0.9345,0.0471,2.6005,0.9763,102.24,125.55,0.9329,2.7437,Scaffold_BX-6,67
286,5,"Monopole, Dipole_1, C6, Polarizability, Polar_acc",0.9816,0.9345,0.0471,2.6005,0.9759,104.24,129.88,0.9329,2.7437,Scaffold_BX-6,68
471,7,"Monopole, Dipole_1, Q_0, Q_2, C6, Polarizability, Polar_acc",0.9871,0.9338,0.0533,2.8389,0.9825,81.54,111.84,0.9655,1.9689,"Q_0, Q_2, Scaffold_BX-6, Scaffold_Benzene",69
384,6,"Monopole, Dipole_1, Q_0, Q_2, C6, Polarizability",0.9871,0.9338,0.0533,2.8389,0.9828,79.54,107.51,0.9655,1.9689,"Q_0, Q_2, Scaffold_BX-6, Scaffold_Benzene",70
505,8,"Monopole, Dipole_1, Q_0, Q_2, C6, r2_acc, Polarizability, Polar_acc",0.9871,0.9338,0.0533,2.8389,0.9822,83.54,116.17,0.9655,1.9689,"Q_0, Q_2, Scaffold_BX-6, Scaffold_Benzene",71
469,7,"Monopole, Dipole_1, Q_0, Q_2, C6, r2_acc, Polarizability",0.9871,0.9338,0.0533,2.8389,0.9825,81.54,111.84,0.9655,1.9689,"Q_0, Q_2, Scaffold_BX-6, Scaffold_Benzene",72
405,6,"Monopole, Dipole_1, Q_2, C6, r2_acc, Polarizability",0.984,0.9312,0.0527,2.8441,0.9771,101.23,129.2,0.9625,2.0524,"Q_2, Scaffold_BX-6",73
273,5,"Monopole, Dipole_1, Q_2, C6, Polarizability",0.984,0.9312,0.0527,2.8441,0.9775,99.23,124.87,0.9625,2.0524,"Q_2, Scaffold_BX-6",74
484,7,"Monopole, Dipole_1, Q_2, C6, r2_acc, Polarizability, Polar_acc",0.984,0.9312,0.0527,2.8441,0.9767,103.23,133.53,0.9625,2.0524,"Q_2, Scaffold_BX-6",75
407,6,"Monopole, Dipole_1, Q_2, C6, Polarizability, Polar_acc",0.984,0.9312,0.0527,2.8441,0.9771,101.23,129.2,0.9625,2.0524,"Q_2, Scaffold_BX-6",76
270,5,"Monopole, Dipole_1, Q_0, Polarizability, Polar_acc",0.9814,0.9304,0.051,2.376,0.9768,101.45,127.08,0.9879,1.1668,Scaffold_BX-6,77
134,4,"Monopole, Dipole_1, Q_0, Polarizability",0.9814,0.9304,0.051,2.376,0.9771,99.45,122.75,0.9879,1.1668,Scaffold_BX-6,78
401,6,"Monopole, Dipole_1, Q_0, r2_acc, Polarizability, Polar_acc",0.9814,0.9304,0.051,2.376,0.9764,103.45,131.41,0.9879,1.1668,Scaffold_BX-6,79
268,5,"Monopole, Dipole_1, Q_0, r2_acc, Polarizability",0.9814,0.9304,0.051,2.376,0.9768,101.45,127.08,0.9879,1.1668,Scaffold_BX-6,80
386,6,"Monopole, Dipole_1, Q_0, Q_2, r2, r2_acc",0.984,0.9292,0.0548,2.728,0.9791,94.09,122.06,0.9893,1.0961,"Q_0, Q_2, Scaffold_BX-6, Scaffold_Benzene",81
388,6,"Monopole, Dipole_1, Q_0, Q_2, r2, Polar_acc",0.984,0.9292,0.0548,2.728,0.9791,94.09,122.06,0.9893,1.0961,"Q_0, Q_2, Scaffold_BX-6, Scaffold_Benzene",82
257,5,"Monopole, Dipole_1, Q_0, Q_2, r2",0.984,0.9292,0.0548,2.728,0.9795,92.09,117.73,0.9893,1.0961,"Q_0, Q_2, Scaffold_BX-6, Scaffold_Benzene",83
473,7,"Monopole, Dipole_1, Q_0, Q_2, r2, r2_acc, Polar_acc",0.984,0.9292,0.0548,2.728,0.9788,96.09,126.39,0.9893,1.0961,"Q_0, Q_2, Scaffold_BX-6, Scaffold_Benzene",84
337,5,"Dipole_1, Q_0, C6, r2, Polarizability",0.9812,0.9269,0.0543,2.4934,0.9765,102.26,127.9,0.9778,1.5779,Scaffold_BX-6,85
450,6,"Dipole_1, Q_0, C6, r2, Polarizability, Polar_acc",0.9812,0.9269,0.0543,2.4934,0.9762,104.26,132.23,0.9778,1.5779,Scaffold_BX-6,86
448,6,"Dipole_1, Q_0, C6, r2, r2_acc, Polarizability",0.9812,0.9269,0.0543,2.4934,0.9762,104.26,132.23,0.9778,1.5779,Scaffold_BX-6,87
499,7,"Dipole_1, Q_0, C6, r2, r2_acc, Polarizability, Polar_acc",0.9812,0.9269,0.0543,2.4934,0.9758,106.26,136.56,0.9778,1.5779,Scaffold_BX-6,88
148,4,"Monopole, Dipole_1, r2_acc, Polarizability",0.971,0.922,0.049,2.6089,0.965,131.91,155.22,0.9841,1.3362,Scaffold_BX-6,89
150,4,"Monopole, Dipole_1, Polarizability, Polar_acc",0.971,0.922,0.049,2.6089,0.965,131.91,155.22,0.9841,1.3362,Scaffold_BX-6,90
290,5,"Monopole, Dipole_1, r2_acc, Polarizability, Polar_acc",0.971,0.922,0.049,2.6089,0.9644,133.91,159.55,0.9841,1.3362,Scaffold_BX-6,91
51,3,"Monopole, Dipole_1, Polarizability",0.971,0.922,0.049,2.6089,0.9655,129.91,150.89,0.9841,1.3362,Scaffold_BX-6,92
139,4,"Monopole, Dipole_1, Q_2, Polarizability",0.9781,0.9213,0.0568,2.974,0.9708,118.0,141.31,0.9859,1.2568,"Q_2, Scaffold_BX-6, Scaffold_Benzene",93
280,5,"Monopole, Dipole_1, Q_2, Polarizability, Polar_acc",0.9781,0.9213,0.0568,2.974,0.9704,120.0,145.64,0.9859,1.2568,"Q_2, Scaffold_BX-6, Scaffold_Benzene",94
411,6,"Monopole, Dipole_1, Q_2, r2_acc, Polarizability, Polar_acc",0.9781,0.9213,0.0568,2.974,0.9699,122.0,149.97,0.9859,1.2568,"Q_2, Scaffold_BX-6, Scaffold_Benzene",95
278,5,"Monopole, Dipole_1, Q_2, r2_acc, Polarizability",0.9781,0.9213,0.0568,2.974,0.9704,120.0,145.64,0.9859,1.2568,"Q_2, Scaffold_BX-6, Scaffold_Benzene",96
389,6,"Monopole, Dipole_1, Q_0, Q_2, r2_acc, Polarizability",0.9822,0.9171,0.0651,2.9545,0.9766,102.77,130.74,0.9874,1.1899,"Q_0, Q_2, Scaffold_BX-6, Scaffold_Benzene",97
391,6,"Monopole, Dipole_1, Q_0, Q_2, Polarizability, Polar_acc",0.9822,0.9171,0.0651,2.9545,0.9766,102.77,130.74,0.9874,1.1899,"Q_0, Q_2, Scaffold_BX-6, Scaffold_Benzene",98
259,5,"Monopole, Dipole_1, Q_0, Q_2, Polarizability",0.9822,0.9171,0.0651,2.9545,0.977,100.77,126.41,0.9874,1.1899,"Q_0, Q_2, Scaffold_BX-6, Scaffold_Benzene",99
475,7,"Monopole, Dipole_1, Q_0, Q_2, r2_acc, Polarizability, Polar_acc",0.9822,0.9171,0.0651,2.9545,0.9762,104.77,135.07,0.9874,1.1899,"Q_0, Q_2, Scaffold_BX-6, Scaffold_Benzene",100
196,4,"Dipole_1, Q_0, r2, Polarizability",0.9786,0.9147,0.0639,2.605,0.9736,110.34,133.65,0.9848,1.3044,Scaffold_BX-6,101
342,5,"Dipole_1, Q_0, r2, r2_acc, Polarizability",0.9786,0.9147,0.0639,2.605,0.9732,112.34,137.98,0.9848,1.3044,Scaffold_BX-6,102
452,6,"Dipole_1, Q_0, r2, r2_acc, Polarizability, Polar_acc",0.9786,0.9147,0.0639,2.605,0.9728,114.34,142.31,0.9848,1.3044,Scaffold_BX-6,103
344,5,"Dipole_1, Q_0, r2, Polarizability, Polar_acc",0.9786,0.9147,0.0639,2.605,0.9732,112.34,137.98,0.9848,1.3044,Scaffold_BX-6,104
75,3,"Dipole_1, Q_0, C6",0.969,0.9116,0.0574,2.4936,0.9641,133.0,153.98,0.954,2.2723,Scaffold_BX-6,105
192,4,"Dipole_1, Q_0, C6, r2_acc",0.969,0.9116,0.0574,2.4936,0.9635,135.0,158.31,0.954,2.2723,Scaffold_BX-6,106
194,4,"Dipole_1, Q_0, C6, Polar_acc",0.969,0.9116,0.0574,2.4936,0.9635,135.0,158.31,0.954,2.2723,Scaffold_BX-6,107
340,5,"Dipole_1, Q_0, C6, r2_acc, Polar_acc",0.969,0.9116,0.0574,2.4936,0.9629,137.0,162.64,0.954,2.2723,Scaffold_BX-6,108
262,5,"Monopole, Dipole_1, Q_0, C6, r2_acc",0.9784,0.9109,0.0675,2.6415,0.9729,113.19,138.83,0.9773,1.5978,Scaffold_BX-6,109
131,4,"Monopole, Dipole_1, Q_0, C6",0.9784,0.9109,0.0675,2.6415,0.9733,111.19,134.5,0.9773,1.5978,Scaffold_BX-6,110
396,6,"Monopole, Dipole_1, Q_0, C6, r2_acc, Polar_acc",0.9784,0.9109,0.0675,2.6415,0.9725,115.19,143.16,0.9773,1.5978,Scaffold_BX-6,111
264,5,"Monopole, Dipole_1, Q_0, C6, Polar_acc",0.9784,0.9109,0.0675,2.6415,0.9729,113.19,138.83,0.9773,1.5978,Scaffold_BX-6,112
136,4,"Monopole, Dipole_1, Q_2, C6",0.9749,0.9081,0.0668,3.1633,0.9668,127.75,151.05,0.9714,1.7929,"Q_2, Scaffold_BX-6, Scaffold_Benzene, Scaffold_Pyrimidine",113
406,6,"Monopole, Dipole_1, Q_2, C6, r2_acc, Polar_acc",0.9749,0.9081,0.0668,3.1633,0.9658,131.75,159.71,0.9714,1.7929,"Q_2, Scaffold_BX-6, Scaffold_Benzene, Scaffold_Pyrimidine",114
274,5,"Monopole, Dipole_1, Q_2, C6, Polar_acc",0.9749,0.9081,0.0668,3.1633,0.9663,129.75,155.38,0.9714,1.7929,"Q_2, Scaffold_BX-6, Scaffold_Benzene, Scaffold_Pyrimidine",115
272,5,"Monopole, Dipole_1, Q_2, C6, r2_acc",0.9749,0.9081,0.0668,3.1633,0.9663,129.75,155.38,0.9714,1.7929,"Q_2, Scaffold_BX-6, Scaffold_Benzene, Scaffold_Pyrimidine",116
442,6,"Dipole_1, Q_0, Q_2, C6, r2_acc, Polar_acc",0.9696,0.9077,0.062,2.6722,0.9627,138.3,166.27,0.9506,2.3542,"Q_2, Scaffold_BX-6, Scaffold_Benzene",117
186,4,"Dipole_1, Q_0, Q_2, C6",0.9696,0.9077,0.062,2.6722,0.9638,134.3,157.61,0.9506,2.3542,"Q_2, Scaffold_BX-6, Scaffold_Benzene",118
327,5,"Dipole_1, Q_0, Q_2, C6, r2_acc",0.9696,0.9077,0.062,2.6722,0.9633,136.3,161.94,0.9506,2.3542,"Q_2, Scaffold_BX-6, Scaffold_Benzene",119
329,5,"Dipole_1, Q_0, Q_2, C6, Polar_acc",0.9696,0.9077,0.062,2.6722,0.9633,136.3,161.94,0.9506,2.3542,"Q_2, Scaffold_BX-6, Scaffold_Benzene",120
498,7,"Dipole_1, Q_0, Q_2, r2, r2_acc, Polarizability, Polar_acc",0.9794,0.9048,0.0746,3.0996,0.9728,115.09,145.39,0.9839,1.343,"Q_2, Scaffold_BX-6, Scaffold_Benzene",121
446,6,"Dipole_1, Q_0, Q_2, r2, Polarizability, Polar_acc",0.9794,0.9048,0.0746,3.0996,0.9732,113.09,141.06,0.9839,1.343,"Q_2, Scaffold_BX-6, Scaffold_Benzene",122
331,5,"Dipole_1, Q_0, Q_2, r2, Polarizability",0.9794,0.9048,0.0746,3.0996,0.9736,111.09,136.73,0.9839,1.343,"Q_2, Scaffold_BX-6, Scaffold_Benzene",123
444,6,"Dipole_1, Q_0, Q_2, r2, r2_acc, Polarizability",0.9794,0.9048,0.0746,3.0996,0.9732,113.09,141.06,0.9839,1.343,"Q_2, Scaffold_BX-6, Scaffold_Benzene",124
385,6,"Monopole, Dipole_1, Q_0, Q_2, C6, Polar_acc",0.9794,0.9045,0.0748,3.0465,0.9731,113.46,141.43,0.9754,1.6631,"Q_0, Q_2, Scaffold_BX-6, Scaffold_Benzene",125
383,6,"Monopole, Dipole_1, Q_0, Q_2, C6, r2_acc",0.9794,0.9045,0.0748,3.0465,0.9731,113.46,141.43,0.9754,1.6631,"Q_0, Q_2, Scaffold_BX-6, Scaffold_Benzene",126
256,5,"Monopole, Dipole_1, Q_0, Q_2, C6",0.9794,0.9045,0.0748,3.0465,0.9735,111.46,137.1,0.9754,1.6631,"Q_0, Q_2, Scaffold_BX-6, Scaffold_Benzene",127
470,7,"Monopole, Dipole_1, Q_0, Q_2, C6, r2_acc, Polar_acc",0.9794,0.9045,0.0748,3.0465,0.9727,115.46,145.76,0.9754,1.6631,"Q_0, Q_2, Scaffold_BX-6, Scaffold_Benzene",128
510,8,"Dipole_1, Q_0, Q_2, C6, r2, r2_acc, Polarizability, Polar_acc",0.9821,0.9027,0.0794,3.3457,0.9755,107.94,140.57,0.9804,1.485,"Q_0, Q_2, Scaffold_BX-6, Scaffold_Benzene",129
496,7,"Dipole_1, Q_0, Q_2, C6, r2, Polarizability, Polar_acc",0.9821,0.9027,0.0794,3.3457,0.9759,105.94,136.24,0.9804,1.485,"Q_0, Q_2, Scaffold_BX-6, Scaffold_Benzene",130
494,7,"Dipole_1, Q_0, Q_2, C6, r2, r2_acc, Polarizability",0.9821,0.9027,0.0794,3.3457,0.9759,105.94,136.24,0.9804,1.485,"Q_0, Q_2, Scaffold_BX-6, Scaffold_Benzene",131
439,6,"Dipole_1, Q_0, Q_2, C6, r2, Polarizability",0.9821,0.9027,0.0794,3.3457,0.9763,103.94,131.91,0.9804,1.485,"Q_0, Q_2, Scaffold_BX-6, Scaffold_Benzene",132
144,4,"Monopole, Dipole_1, C6, Polar_acc",0.9649,0.9021,0.0628,2.8141,0.9577,146.17,169.48,0.9733,1.7301,Scaffold_BX-6,133
285,5,"Monopole, Dipole_1, C6, r2_acc, Polar_acc",0.9649,0.9021,0.0628,2.8141,0.9571,148.17,173.81,0.9733,1.7301,Scaffold_BX-6,134
142,4,"Monopole, Dipole_1, C6, r2_acc",0.9649,0.9021,0.0628,2.8141,0.9577,146.17,169.48,0.9733,1.7301,Scaffold_BX-6,135
48,3,"Monopole, Dipole_1, C6",0.9649,0.9021,0.0628,2.8141,0.9584,144.17,165.15,0.9733,1.7301,Scaffold_BX-6,136
198,4,"Dipole_1, Q_0, r2_acc, Polarizability",0.9659,0.9016,0.0643,2.7071,0.9594,143.06,166.36,0.9571,2.1949,Scaffold_BX-6,137
200,4,"Dipole_1, Q_0, Polarizability, Polar_acc",0.9659,0.9016,0.0643,2.7071,0.9594,143.06,166.36,0.9571,2.1949,Scaffold_BX-6,138
345,5,"Dipole_1, Q_0, r2_acc, Polarizability, Polar_acc",0.9659,0.9016,0.0643,2.7071,0.9588,145.06,170.69,0.9571,2.1949,Scaffold_BX-6,139
78,3,"Dipole_1, Q_0, Polarizability",0.9659,0.9016,0.0643,2.7071,0.96,141.06,162.03,0.9571,2.1949,Scaffold_BX-6,140
497,7,"Dipole_1, Q_0, Q_2, C6, r2_acc, Polarizability, Polar_acc",0.9734,0.8959,0.0775,2.8857,0.9661,131.71,162.01,0.944,2.5075,"C6, Polarizability, Scaffold_BX-6, Scaffold_Benzene",141
441,6,"Dipole_1, Q_0, Q_2, C6, r2_acc, Polarizability",0.9734,0.8959,0.0775,2.8857,0.9667,129.71,157.67,0.944,2.5075,"C6, Polarizability, Scaffold_BX-6, Scaffold_Benzene",142
443,6,"Dipole_1, Q_0, Q_2, C6, Polarizability, Polar_acc",0.9734,0.8959,0.0775,2.8857,0.9667,129.71,157.67,0.944,2.5075,"C6, Polarizability, Scaffold_BX-6, Scaffold_Benzene",143
328,5,"Dipole_1, Q_0, Q_2, C6, Polarizability",0.9734,0.8959,0.0775,2.8857,0.9672,127.71,153.34,0.944,2.5075,"C6, Polarizability, Scaffold_BX-6, Scaffold_Benzene",144
333,5,"Dipole_1, Q_0, Q_2, r2_acc, Polarizability",0.9669,0.8951,0.0718,2.9835,0.9594,143.97,169.6,0.9525,2.3086,"Q_2, Scaffold_BX-6, Scaffold_Benzene",145
447,6,"Dipole_1, Q_0, Q_2, r2_acc, Polarizability, Polar_acc",0.9669,0.8951,0.0718,2.9835,0.9587,145.97,173.94,0.9525,2.3086,"Q_2, Scaffold_BX-6, Scaffold_Benzene",146
189,4,"Dipole_1, Q_0, Q_2, Polarizability",0.9669,0.8951,0.0718,2.9835,0.96,141.97,165.27,0.9525,2.3086,"Q_2, Scaffold_BX-6, Scaffold_Benzene",147
335,5,"Dipole_1, Q_0, Q_2, Polarizability, Polar_acc",0.9669,0.8951,0.0718,2.9835,0.9594,143.97,169.6,0.9525,2.3086,"Q_2, Scaffold_BX-6, Scaffold_Benzene",148
440,6,"Dipole_1, Q_0, Q_2, C6, r2, Polar_acc",0.9763,0.8946,0.0817,2.987,0.9696,122.79,150.76,0.9631,2.0356,"Q_2, r2, Scaffold_BX-6, Scaffold_Benzene",149
438,6,"Dipole_1, Q_0, Q_2, C6, r2, r2_acc",0.9763,0.8946,0.0817,2.987,0.9696,122.79,150.76,0.9631,2.0356,"Q_2, r2, Scaffold_BX-6, Scaffold_Benzene",150
495,7,"Dipole_1, Q_0, Q_2, C6, r2, r2_acc, Polar_acc",0.9763,0.8946,0.0817,2.987,0.9691,124.79,155.09,0.9631,2.0356,"Q_2, r2, Scaffold_BX-6, Scaffold_Benzene",151
326,5,"Dipole_1, Q_0, Q_2, C6, r2",0.9763,0.8946,0.0817,2.987,0.9701,120.79,146.43,0.9631,2.0356,"Q_2, r2, Scaffold_BX-6, Scaffold_Benzene",152
193,4,"Dipole_1, Q_0, C6, Polarizability",0.9727,0.8932,0.0796,2.9004,0.9669,127.6,150.9,0.9499,2.3724,"C6, Polarizability, Scaffold_BX-6",153
339,5,"Dipole_1, Q_0, C6, r2_acc, Polarizability",0.9727,0.8932,0.0796,2.9004,0.9664,129.6,155.23,0.9499,2.3724,"C6, Polarizability, Scaffold_BX-6",154
341,5,"Dipole_1, Q_0, C6, Polarizability, Polar_acc",0.9727,0.8932,0.0796,2.9004,0.9664,129.6,155.23,0.9499,2.3724,"C6, Polarizability, Scaffold_BX-6",155
451,6,"Dipole_1, Q_0, C6, r2_acc, Polarizability, Polar_acc",0.9727,0.8932,0.0796,2.9004,0.9658,131.6,159.56,0.9499,2.3724,"C6, Polarizability, Scaffold_BX-6",156
449,6,"Dipole_1, Q_0, C6, r2, r2_acc, Polar_acc",0.9755,0.8927,0.0828,2.8999,0.9688,124.82,152.79,0.9664,1.9429,"r2, Scaffold_BX-6",157
336,5,"Dipole_1, Q_0, C6, r2, r2_acc",0.9755,0.8927,0.0828,2.8999,0.9692,122.82,148.46,0.9664,1.9429,"r2, Scaffold_BX-6",158
338,5,"Dipole_1, Q_0, C6, r2, Polar_acc",0.9755,0.8927,0.0828,2.8999,0.9692,122.82,148.46,0.9664,1.9429,"r2, Scaffold_BX-6",159
191,4,"Dipole_1, Q_0, C6, r2",0.9755,0.8927,0.0828,2.8999,0.9697,120.82,144.13,0.9664,1.9429,"r2, Scaffold_BX-6",160
206,4,"Dipole_1, Q_2, r2, Polarizability",0.9715,0.8828,0.0887,3.656,0.9609,140.27,163.57,0.9765,1.6244,"Scaffold_BX-6, Scaffold_Benzene, Scaffold_Pyrimidine",161
457,6,"Dipole_1, Q_2, r2, r2_acc, Polarizability, Polar_acc",0.9715,0.8828,0.0887,3.656,0.9596,144.27,172.24,0.9765,1.6244,"Scaffold_BX-6, Scaffold_Benzene, Scaffold_Pyrimidine",162
354,5,"Dipole_1, Q_2, r2, Polarizability, Polar_acc",0.9715,0.8828,0.0887,3.656,0.9603,142.27,167.91,0.9765,1.6244,"Scaffold_BX-6, Scaffold_Benzene, Scaffold_Pyrimidine",163
352,5,"Dipole_1, Q_2, r2, r2_acc, Polarizability",0.9715,0.8828,0.0887,3.656,0.9603,142.27,167.91,0.9765,1.6244,"Scaffold_BX-6, Scaffold_Benzene, Scaffold_Pyrimidine",164
343,5,"Dipole_1, Q_0, r2, r2_acc, Polar_acc",0.9598,0.8818,0.0779,3.0439,0.9508,158.54,184.18,0.9492,2.3889,Scaffold_BX-6,165
76,3,"Dipole_1, Q_0, r2",0.9598,0.8818,0.0779,3.0439,0.9523,154.54,175.52,0.9492,2.3889,Scaffold_BX-6,166
195,4,"Dipole_1, Q_0, r2, r2_acc",0.9598,0.8818,0.0779,3.0439,0.9515,156.54,179.85,0.9492,2.3889,Scaffold_BX-6,167
197,4,"Dipole_1, Q_0, r2, Polar_acc",0.9598,0.8818,0.0779,3.0439,0.9515,156.54,179.85,0.9492,2.3889,Scaffold_BX-6,168
188,4,"Dipole_1, Q_0, Q_2, r2_acc",0.9533,0.878,0.0753,3.229,0.944,167.51,190.82,0.9364,2.6718,Scaffold_BX-6,169
334,5,"Dipole_1, Q_0, Q_2, r2_acc, Polar_acc",0.9533,0.878,0.0753,3.229,0.9431,169.51,195.15,0.9364,2.6718,Scaffold_BX-6,170
190,4,"Dipole_1, Q_0, Q_2, Polar_acc",0.9533,0.878,0.0753,3.229,0.944,167.51,190.82,0.9364,2.6718,Scaffold_BX-6,171
74,3,"Dipole_1, Q_0, Q_2",0.9533,0.878,0.0753,3.229,0.9449,165.51,186.49,0.9364,2.6718,Scaffold_BX-6,172
295,5,"Monopole, Q_0, Q_2, r2, r2_acc",0.9538,0.8777,0.0761,3.1842,0.944,168.41,194.05,0.9456,2.4702,"Scaffold_BX-6, Scaffold_Benzene",173
297,5,"Monopole, Q_0, Q_2, r2, Polar_acc",0.9538,0.8777,0.0761,3.1842,0.944,168.41,194.05,0.9456,2.4702,"Scaffold_BX-6, Scaffold_Benzene",174
454,6,"Dipole_1, Q_2, C6, r2, r2_acc, Polar_acc",0.9688,0.8777,0.0911,3.6357,0.9571,148.93,176.9,0.9442,2.5018,"Scaffold_BX-6, Scaffold_Benzene, Scaffold_Pyrimidine",175
348,5,"Dipole_1, Q_2, C6, r2, Polar_acc",0.9688,0.8777,0.0911,3.6357,0.9578,146.93,172.57,0.9442,2.5018,"Scaffold_BX-6, Scaffold_Benzene, Scaffold_Pyrimidine",176
346,5,"Dipole_1, Q_2, C6, r2, r2_acc",0.9688,0.8777,0.0911,3.6357,0.9578,146.93,172.57,0.9442,2.5018,"Scaffold_BX-6, Scaffold_Benzene, Scaffold_Pyrimidine",177
424,6,"Monopole, Q_0, Q_2, r2, r2_acc, Polar_acc",0.9538,0.8777,0.0761,3.1842,0.9431,170.41,198.38,0.9456,2.4702,"Scaffold_BX-6, Scaffold_Benzene",178
201,4,"Dipole_1, Q_2, C6, r2",0.9688,0.8777,0.0911,3.6357,0.9584,144.93,168.24,0.9442,2.5018,"Scaffold_BX-6, Scaffold_Benzene, Scaffold_Pyrimidine",179
152,4,"Monopole, Q_0, Q_2, r2",0.9538,0.8777,0.0761,3.1842,0.9448,166.41,189.72,0.9456,2.4702,"Scaffold_BX-6, Scaffold_Benzene",180
187,4,"Dipole_1, Q_0, Q_2, r2",0.9619,0.8773,0.0846,3.3454,0.9535,153.36,176.66,0.9418,2.5571,"Q_2, Scaffold_BX-6, Scaffold_Benzene",181
445,6,"Dipole_1, Q_0, Q_2, r2, r2_acc, Polar_acc",0.9619,0.8773,0.0846,3.3454,0.9521,157.36,185.33,0.9418,2.5571,"Q_2, Scaffold_BX-6, Scaffold_Benzene",182
332,5,"Dipole_1, Q_0, Q_2, r2, Polar_acc",0.9619,0.8773,0.0846,3.3454,0.9528,155.36,181.0,0.9418,2.5571,"Q_2, Scaffold_BX-6, Scaffold_Benzene",183
330,5,"Dipole_1, Q_0, Q_2, r2, r2_acc",0.9619,0.8773,0.0846,3.3454,0.9528,155.36,181.0,0.9418,2.5571,"Q_2, Scaffold_BX-6, Scaffold_Benzene",184
426,6,"Monopole, Q_0, Q_2, r2_acc, Polarizability, Polar_acc",0.9539,0.8764,0.0775,3.2105,0.9431,170.32,198.29,0.9461,2.4592,"Scaffold_BX-6, Scaffold_Benzene",185
154,4,"Monopole, Q_0, Q_2, Polarizability",0.9539,0.8764,0.0775,3.2105,0.9449,166.32,189.63,0.9461,2.4592,"Scaffold_BX-6, Scaffold_Benzene",186
300,5,"Monopole, Q_0, Q_2, Polarizability, Polar_acc",0.9539,0.8764,0.0775,3.2105,0.944,168.32,193.96,0.9461,2.4592,"Scaffold_BX-6, Scaffold_Benzene",187
298,5,"Monopole, Q_0, Q_2, r2_acc, Polarizability",0.9539,0.8764,0.0775,3.2105,0.944,168.32,193.96,0.9461,2.4592,"Scaffold_BX-6, Scaffold_Benzene",188
349,5,"Dipole_1, Q_2, C6, r2_acc, Polarizability",0.9646,0.8751,0.0894,3.598,0.9537,153.95,179.58,0.8957,3.4213,Scaffold_Pyrimidine,189
203,4,"Dipole_1, Q_2, C6, Polarizability",0.9646,0.8751,0.0894,3.598,0.9544,151.95,175.25,0.8957,3.4213,Scaffold_Pyrimidine,190
351,5,"Dipole_1, Q_2, C6, Polarizability, Polar_acc",0.9646,0.8751,0.0894,3.598,0.9537,153.95,179.58,0.8957,3.4213,Scaffold_Pyrimidine,191
456,6,"Dipole_1, Q_2, C6, r2_acc, Polarizability, Polar_acc",0.9646,0.8751,0.0894,3.598,0.9529,155.95,183.91,0.8957,3.4213,Scaffold_Pyrimidine,192
294,5,"Monopole, Q_0, Q_2, C6, Polar_acc",0.9552,0.8729,0.0823,3.2884,0.9454,166.49,192.13,0.9491,2.3898,"Scaffold_BX-6, Scaffold_Benzene",193
292,5,"Monopole, Q_0, Q_2, C6, r2_acc",0.9552,0.8729,0.0823,3.2884,0.9454,166.49,192.13,0.9491,2.3898,"Scaffold_BX-6, Scaffold_Benzene",194
151,4,"Monopole, Q_0, Q_2, C6",0.9552,0.8729,0.0823,3.2884,0.9462,164.49,187.8,0.9491,2.3898,"Scaffold_BX-6, Scaffold_Benzene",195
421,6,"Monopole, Q_0, Q_2, C6, r2_acc, Polar_acc",0.9552,0.8729,0.0823,3.2884,0.9445,168.49,196.46,0.9491,2.3898,"Scaffold_BX-6, Scaffold_Benzene",196
347,5,"Dipole_1, Q_2, C6, r2, Polarizability",0.9729,0.8723,0.1007,3.8931,0.9607,141.5,167.13,0.9851,1.2946,"Q_2, C6, Scaffold_BX-6, Scaffold_Benzene",197
455,6,"Dipole_1, Q_2, C6, r2, Polarizability, Polar_acc",0.9729,0.8723,0.1007,3.8931,0.9601,143.5,171.46,0.9851,1.2946,"Q_2, C6, Scaffold_BX-6, Scaffold_Benzene",198
500,7,"Dipole_1, Q_2, C6, r2, r2_acc, Polarizability, Polar_acc",0.9729,0.8723,0.1007,3.8931,0.9594,145.5,175.8,0.9851,1.2946,"Q_2, C6, Scaffold_BX-6, Scaffold_Benzene",199
453,6,"Dipole_1, Q_2, C6, r2, r2_acc, Polarizability",0.9729,0.8723,0.1007,3.8931,0.9601,143.5,171.46,0.9851,1.2946,"Q_2, C6, Scaffold_BX-6, Scaffold_Benzene",200
258,5,"Monopole, Dipole_1, Q_0, Q_2, r2_acc",0.9543,0.8718,0.0826,3.359,0.944,168.36,194.0,0.9341,2.7202,"Scaffold_BX-6, Scaffold_Benzene, Scaffold_Pyrimidine",201
130,4,"Monopole, Dipole_1, Q_0, Q_2",0.9543,0.8718,0.0826,3.359,0.9449,166.36,189.67,0.9341,2.7202,"Scaffold_BX-6, Scaffold_Benzene, Scaffold_Pyrimidine",202
390,6,"Monopole, Dipole_1, Q_0, Q_2, r2_acc, Polar_acc",0.9543,0.8718,0.0826,3.359,0.9431,170.36,198.33,0.9341,2.7202,"Scaffold_BX-6, Scaffold_Benzene, Scaffold_Pyrimidine",203
260,5,"Monopole, Dipole_1, Q_0, Q_2, Polar_acc",0.9543,0.8718,0.0826,3.359,0.944,168.36,194.0,0.9341,2.7202,"Scaffold_BX-6, Scaffold_Benzene, Scaffold_Pyrimidine",204
367,5,"Q_0, Q_2, r2, r2_acc, Polarizability",0.954,0.8703,0.0837,3.3227,0.9439,168.56,194.19,0.9473,2.4331,"Scaffold_BX-6, Scaffold_Benzene",205
369,5,"Q_0, Q_2, r2, Polarizability, Polar_acc",0.954,0.8703,0.0837,3.3227,0.9439,168.56,194.19,0.9473,2.4331,"Scaffold_BX-6, Scaffold_Benzene",206
463,6,"Q_0, Q_2, r2, r2_acc, Polarizability, Polar_acc",0.954,0.8703,0.0837,3.3227,0.943,170.56,198.52,0.9473,2.4331,"Scaffold_BX-6, Scaffold_Benzene",207
226,4,"Q_0, Q_2, r2, Polarizability",0.954,0.8703,0.0837,3.3227,0.9447,166.56,189.86,0.9473,2.4331,"Scaffold_BX-6, Scaffold_Benzene",208
80,3,"Dipole_1, Q_2, C6",0.9432,0.867,0.0762,3.4888,0.9332,180.09,201.07,0.8722,3.7886,—,209
60,3,"Monopole, Q_2, r2",0.9519,0.867,0.0849,3.4399,0.9427,168.44,189.41,0.951,2.3463,—,210
172,4,"Monopole, Q_2, r2, Polar_acc",0.9519,0.867,0.0849,3.4399,0.9418,170.44,193.74,0.951,2.3463,—,211
202,4,"Dipole_1, Q_2, C6, r2_acc",0.9432,0.867,0.0762,3.4888,0.9322,182.09,205.4,0.8722,3.7886,—,212
350,5,"Dipole_1, Q_2, C6, r2_acc, Polar_acc",0.9432,0.867,0.0762,3.4888,0.9311,184.09,209.73,0.8722,3.7886,—,213
204,4,"Dipole_1, Q_2, C6, Polar_acc",0.9432,0.867,0.0762,3.4888,0.9322,182.09,205.4,0.8722,3.7886,—,214
170,4,"Monopole, Q_2, r2, r2_acc",0.9519,0.867,0.0849,3.4399,0.9418,170.44,193.74,0.951,2.3463,—,215
318,5,"Monopole, Q_2, r2, r2_acc, Polar_acc",0.9519,0.867,0.0849,3.4399,0.9409,172.44,198.07,0.951,2.3463,—,216
62,3,"Monopole, Q_2, Polarizability",0.9515,0.8634,0.088,3.529,0.9419,169.56,190.54,0.9523,2.3134,Scaffold_Benzene,217
320,5,"Monopole, Q_2, r2_acc, Polarizability, Polar_acc",0.9515,0.8634,0.088,3.529,0.94,173.56,199.2,0.9523,2.3134,Scaffold_Benzene,218
175,4,"Monopole, Q_2, Polarizability, Polar_acc",0.9515,0.8634,0.088,3.529,0.941,171.56,194.87,0.9523,2.3134,Scaffold_Benzene,219
173,4,"Monopole, Q_2, r2_acc, Polarizability",0.9515,0.8634,0.088,3.529,0.941,171.56,194.87,0.9523,2.3134,Scaffold_Benzene,220
169,4,"Monopole, Q_2, C6, Polar_acc",0.9528,0.863,0.0898,3.5676,0.9422,169.9,193.21,0.9548,2.2535,Scaffold_Benzene,221
167,4,"Monopole, Q_2, C6, r2_acc",0.9528,0.863,0.0898,3.5676,0.9422,169.9,193.21,0.9548,2.2535,Scaffold_Benzene,222
315,5,"Monopole, Q_2, C6, r2_acc, Polar_acc",0.9528,0.863,0.0898,3.5676,0.9413,171.9,197.54,0.9548,2.2535,Scaffold_Benzene,223
59,3,"Monopole, Q_2, C6",0.9528,0.863,0.0898,3.5676,0.9431,167.9,188.88,0.9548,2.2535,Scaffold_Benzene,224
423,6,"Monopole, Q_0, Q_2, r2, r2_acc, Polarizability",0.9542,0.8627,0.0916,3.4614,0.9432,170.31,198.28,0.9464,2.4542,"Monopole, r2, Polarizability, Scaffold_BX-6, Scaffold_Benzene",225
296,5,"Monopole, Q_0, Q_2, r2, Polarizability",0.9542,0.8627,0.0916,3.4614,0.944,168.31,193.95,0.9464,2.4542,"Monopole, r2, Polarizability, Scaffold_BX-6, Scaffold_Benzene",226
491,7,"Monopole, Q_0, Q_2, r2, r2_acc, Polarizability, Polar_acc",0.9542,0.8627,0.0916,3.4614,0.9422,172.31,202.61,0.9464,2.4542,"Monopole, r2, Polarizability, Scaffold_BX-6, Scaffold_Benzene",227
425,6,"Monopole, Q_0, Q_2, r2, Polarizability, Polar_acc",0.9542,0.8627,0.0916,3.4614,0.9432,170.31,198.28,0.9464,2.4542,"Monopole, r2, Polarizability, Scaffold_BX-6, Scaffold_Benzene",228
153,4,"Monopole, Q_0, Q_2, r2_acc",0.947,0.8625,0.0845,3.4758,0.9364,177.27,200.57,0.9354,2.6925,"Scaffold_BX-6, Scaffold_Benzene",229
53,3,"Monopole, Q_0, Q_2",0.947,0.8625,0.0845,3.4758,0.9373,175.27,196.24,0.9354,2.6925,"Scaffold_BX-6, Scaffold_Benzene",230
299,5,"Monopole, Q_0, Q_2, r2_acc, Polar_acc",0.947,0.8625,0.0845,3.4758,0.9354,179.27,204.9,0.9354,2.6925,"Scaffold_BX-6, Scaffold_Benzene",231
155,4,"Monopole, Q_0, Q_2, Polar_acc",0.947,0.8625,0.0845,3.4758,0.9364,177.27,200.57,0.9354,2.6925,"Scaffold_BX-6, Scaffold_Benzene",232
90,3,"Dipole_1, r2, Polarizability",0.9539,0.8606,0.0932,3.3465,0.9446,165.88,186.86,0.9704,1.8237,Scaffold_BX-6,233
219,4,"Dipole_1, r2, Polarizability, Polar_acc",0.9539,0.8606,0.0932,3.3465,0.9438,167.88,191.19,0.9704,1.8237,Scaffold_BX-6,234
217,4,"Dipole_1, r2, r2_acc, Polarizability",0.9539,0.8606,0.0932,3.3465,0.9438,167.88,191.19,0.9704,1.8237,Scaffold_BX-6,235
360,5,"Dipole_1, r2, r2_acc, Polarizability, Polar_acc",0.9539,0.8606,0.0932,3.3465,0.9429,169.88,195.52,0.9704,1.8237,Scaffold_BX-6,236
47,3,"Monopole, Dipole_1, Q_2",0.9444,0.8593,0.0851,3.6442,0.9334,179.84,200.81,0.9221,2.9573,—,237
140,4,"Monopole, Dipole_1, Q_2, Polar_acc",0.9444,0.8593,0.0851,3.6442,0.9324,181.84,205.15,0.9221,2.9573,—,238
138,4,"Monopole, Dipole_1, Q_2, r2_acc",0.9444,0.8593,0.0851,3.6442,0.9324,181.84,205.15,0.9221,2.9573,—,239
279,5,"Monopole, Dipole_1, Q_2, r2_acc, Polar_acc",0.9444,0.8593,0.0851,3.6442,0.9314,183.84,209.48,0.9221,2.9573,—,240
83,3,"Dipole_1, Q_2, Polarizability",0.9409,0.859,0.0819,3.5944,0.9303,183.34,204.31,0.8815,3.6478,Scaffold_Pyrimidine,241
208,4,"Dipole_1, Q_2, r2_acc, Polarizability",0.9409,0.859,0.0819,3.5944,0.9292,185.34,208.64,0.8815,3.6478,Scaffold_Pyrimidine,242
355,5,"Dipole_1, Q_2, r2_acc, Polarizability, Polar_acc",0.9409,0.859,0.0819,3.5944,0.9281,187.34,212.98,0.8815,3.6478,Scaffold_Pyrimidine,243
210,4,"Dipole_1, Q_2, Polarizability, Polar_acc",0.9409,0.859,0.0819,3.5944,0.9292,185.34,208.64,0.8815,3.6478,Scaffold_Pyrimidine,244
436,6,"Monopole, Q_2, r2, r2_acc, Polarizability, Polar_acc",0.9528,0.8576,0.0952,3.5991,0.9413,172.75,200.72,0.9462,2.4583,"r2, Polarizability, Scaffold_Benzene",245
171,4,"Monopole, Q_2, r2, Polarizability",0.9528,0.8576,0.0952,3.5991,0.9431,168.75,192.06,0.9462,2.4583,"r2, Polarizability, Scaffold_Benzene",246
162,4,"Monopole, Q_0, r2, Polar_acc",0.9492,0.8576,0.0916,3.3818,0.939,174.0,197.31,0.9343,2.7148,Scaffold_BX-6,247
55,3,"Monopole, Q_0, r2",0.9492,0.8576,0.0916,3.3818,0.94,172.0,192.98,0.9343,2.7148,Scaffold_BX-6,248
160,4,"Monopole, Q_0, r2, r2_acc",0.9492,0.8576,0.0916,3.3818,0.939,174.0,197.31,0.9343,2.7148,Scaffold_BX-6,249
319,5,"Monopole, Q_2, r2, Polarizability, Polar_acc",0.9528,0.8576,0.0952,3.5991,0.9422,170.75,196.39,0.9462,2.4583,"r2, Polarizability, Scaffold_Benzene",250
317,5,"Monopole, Q_2, r2, r2_acc, Polarizability",0.9528,0.8576,0.0952,3.5991,0.9422,170.75,196.39,0.9462,2.4583,"r2, Polarizability, Scaffold_Benzene",251
308,5,"Monopole, Q_0, r2, r2_acc, Polar_acc",0.9492,0.8576,0.0916,3.3818,0.9381,176.0,201.64,0.9343,2.7148,Scaffold_BX-6,252
358,5,"Dipole_1, C6, r2, Polarizability, Polar_acc",0.9546,0.8566,0.098,3.4247,0.9433,169.33,194.97,0.9713,1.7959,"C6, Scaffold_BX-6",253
212,4,"Dipole_1, C6, r2, Polarizability",0.9546,0.8566,0.098,3.4247,0.9442,167.33,190.64,0.9713,1.7959,"C6, Scaffold_BX-6",254
458,6,"Dipole_1, C6, r2, r2_acc, Polarizability, Polar_acc",0.9546,0.8566,0.098,3.4247,0.9424,171.33,199.3,0.9713,1.7959,"C6, Scaffold_BX-6",255
356,5,"Dipole_1, C6, r2, r2_acc, Polarizability",0.9546,0.8566,0.098,3.4247,0.9433,169.33,194.97,0.9713,1.7959,"C6, Scaffold_BX-6",256
82,3,"Dipole_1, Q_2, r2_acc",0.9399,0.8561,0.0839,3.6368,0.929,184.7,205.68,0.8919,3.4839,—,257
19,2,"Dipole_1, Q_2",0.9399,0.8561,0.0839,3.6368,0.9301,182.7,201.35,0.8919,3.4839,—,258
84,3,"Dipole_1, Q_2, Polar_acc",0.9399,0.8561,0.0839,3.6368,0.929,184.7,205.68,0.8919,3.4839,—,259
209,4,"Dipole_1, Q_2, r2_acc, Polar_acc",0.9399,0.8561,0.0839,3.6368,0.9279,186.7,210.01,0.8919,3.4839,—,260
310,5,"Monopole, Q_0, r2_acc, Polarizability, Polar_acc",0.9492,0.8547,0.0945,3.4274,0.938,176.14,201.77,0.9349,2.7042,Scaffold_BX-6,261
57,3,"Monopole, Q_0, Polarizability",0.9492,0.8547,0.0945,3.4274,0.9399,172.14,193.11,0.9349,2.7042,Scaffold_BX-6,262
163,4,"Monopole, Q_0, r2_acc, Polarizability",0.9492,0.8547,0.0945,3.4274,0.9389,174.14,197.44,0.9349,2.7042,Scaffold_BX-6,263
165,4,"Monopole, Q_0, Polarizability, Polar_acc",0.9492,0.8547,0.0945,3.4274,0.9389,174.14,197.44,0.9349,2.7042,Scaffold_BX-6,264
207,4,"Dipole_1, Q_2, r2, Polar_acc",0.9402,0.8539,0.0864,3.682,0.928,186.7,210.0,0.8913,3.4929,"r2, Scaffold_Pyrimidine",265
205,4,"Dipole_1, Q_2, r2, r2_acc",0.9402,0.8539,0.0864,3.682,0.928,186.7,210.0,0.8913,3.4929,"r2, Scaffold_Pyrimidine",266
81,3,"Dipole_1, Q_2, r2",0.9402,0.8539,0.0864,3.682,0.929,184.7,205.67,0.8913,3.4929,"r2, Scaffold_Pyrimidine",267
353,5,"Dipole_1, Q_2, r2, r2_acc, Polar_acc",0.9402,0.8539,0.0864,3.682,0.9268,188.7,214.34,0.8913,3.4929,"r2, Scaffold_Pyrimidine",268
460,6,"Q_0, Q_2, C6, r2, r2_acc, Polar_acc",0.9568,0.8536,0.1032,3.5729,0.9456,166.93,194.9,0.9502,2.3653,"Q_0, Scaffold_BX-6, Scaffold_Benzene",269
221,4,"Q_0, Q_2, C6, r2",0.9568,0.8536,0.1032,3.5729,0.9473,162.93,186.24,0.9502,2.3653,"Q_0, Scaffold_BX-6, Scaffold_Benzene",270
361,5,"Q_0, Q_2, C6, r2, r2_acc",0.9568,0.8536,0.1032,3.5729,0.9465,164.93,190.57,0.9502,2.3653,"Q_0, Scaffold_BX-6, Scaffold_Benzene",271
363,5,"Q_0, Q_2, C6, r2, Polar_acc",0.9568,0.8536,0.1032,3.5729,0.9465,164.93,190.57,0.9502,2.3653,"Q_0, Scaffold_BX-6, Scaffold_Benzene",272
54,3,"Monopole, Q_0, C6",0.9508,0.8501,0.1007,3.528,0.9414,170.16,191.14,0.9422,2.5478,Scaffold_BX-6,273
157,4,"Monopole, Q_0, C6, r2_acc",0.9508,0.8501,0.1007,3.528,0.9405,172.16,195.47,0.9422,2.5478,Scaffold_BX-6,274
159,4,"Monopole, Q_0, C6, Polar_acc",0.9508,0.8501,0.1007,3.528,0.9405,172.16,195.47,0.9422,2.5478,Scaffold_BX-6,275
305,5,"Monopole, Q_0, C6, r2_acc, Polar_acc",0.9508,0.8501,0.1007,3.528,0.9396,174.16,199.8,0.9422,2.5478,Scaffold_BX-6,276
25,2,"Q_0, Q_2",0.9393,0.8497,0.0897,3.6748,0.9287,184.17,202.81,0.9293,2.8171,Scaffold_BX-6,277
97,3,"Q_0, Q_2, r2_acc",0.9393,0.8497,0.0897,3.6748,0.9277,186.17,207.14,0.9293,2.8171,Scaffold_BX-6,278
229,4,"Q_0, Q_2, r2_acc, Polar_acc",0.9393,0.8497,0.0897,3.6748,0.9265,188.17,211.47,0.9293,2.8171,Scaffold_BX-6,279
99,3,"Q_0, Q_2, Polar_acc",0.9393,0.8497,0.0897,3.6748,0.9277,186.17,207.14,0.9293,2.8171,Scaffold_BX-6,280
357,5,"Dipole_1, C6, r2, r2_acc, Polar_acc",0.9505,0.8489,0.1016,3.4328,0.9389,175.02,200.66,0.9412,2.5689,"Scaffold_BX-6, Scaffold_Benzene",281
96,3,"Q_0, Q_2, r2",0.9446,0.8489,0.0957,3.7525,0.9337,179.52,200.49,0.9306,2.7904,"Q_2, r2, Scaffold_BX-6, Scaffold_Benzene",282
85,3,"Dipole_1, C6, r2",0.9505,0.8489,0.1016,3.4328,0.9407,171.02,192.0,0.9412,2.5689,"Scaffold_BX-6, Scaffold_Benzene",283
225,4,"Q_0, Q_2, r2, r2_acc",0.9446,0.8489,0.0957,3.7525,0.9327,181.52,204.82,0.9306,2.7904,"Q_2, r2, Scaffold_BX-6, Scaffold_Benzene",284
227,4,"Q_0, Q_2, r2, Polar_acc",0.9446,0.8489,0.0957,3.7525,0.9327,181.52,204.82,0.9306,2.7904,"Q_2, r2, Scaffold_BX-6, Scaffold_Benzene",285
213,4,"Dipole_1, C6, r2, Polar_acc",0.9505,0.8489,0.1016,3.4328,0.9398,173.02,196.33,0.9412,2.5689,"Scaffold_BX-6, Scaffold_Benzene",286
368,5,"Q_0, Q_2, r2, r2_acc, Polar_acc",0.9446,0.8489,0.0957,3.7525,0.9316,183.52,209.15,0.9306,2.7904,"Q_2, r2, Scaffold_BX-6, Scaffold_Benzene",287
12,2,"Monopole, Q_2",0.9405,0.8489,0.0916,3.7302,0.9301,182.7,201.35,0.9319,2.7643,—,288
174,4,"Monopole, Q_2, r2_acc, Polar_acc",0.9405,0.8489,0.0916,3.7302,0.9279,186.7,210.01,0.9319,2.7643,—,289
211,4,"Dipole_1, C6, r2, r2_acc",0.9505,0.8489,0.1016,3.4328,0.9398,173.02,196.33,0.9412,2.5689,"Scaffold_BX-6, Scaffold_Benzene",290
63,3,"Monopole, Q_2, Polar_acc",0.9405,0.8489,0.0916,3.7302,0.929,184.7,205.68,0.9319,2.7643,—,291
61,3,"Monopole, Q_2, r2_acc",0.9405,0.8489,0.0916,3.7302,0.929,184.7,205.68,0.9319,2.7643,—,292
379,5,"Q_2, C6, r2_acc, Polarizability, Polar_acc",0.9535,0.8472,0.1063,3.8463,0.9409,172.4,198.04,0.9138,3.11,—,293
244,4,"Q_2, C6, r2_acc, Polarizability",0.9535,0.8472,0.1063,3.8463,0.9419,170.4,193.71,0.9138,3.11,—,294
246,4,"Q_2, C6, Polarizability, Polar_acc",0.9535,0.8472,0.1063,3.8463,0.9419,170.4,193.71,0.9138,3.11,—,295
112,3,"Q_2, C6, Polarizability",0.9535,0.8472,0.1063,3.8463,0.9427,168.4,189.38,0.9138,3.11,—,296
435,6,"Monopole, Q_2, C6, r2_acc, Polarizability, Polar_acc",0.955,0.8464,0.1086,3.8344,0.9418,172.11,200.08,0.9481,2.4132,"C6, Polarizability",297
316,5,"Monopole, Q_2, C6, Polarizability, Polar_acc",0.955,0.8464,0.1086,3.8344,0.9427,170.11,195.74,0.9481,2.4132,"C6, Polarizability",298
314,5,"Monopole, Q_2, C6, r2_acc, Polarizability",0.955,0.8464,0.1086,3.8344,0.9427,170.11,195.74,0.9481,2.4132,"C6, Polarizability",299
168,4,"Monopole, Q_2, C6, Polarizability",0.955,0.8464,0.1086,3.8344,0.9436,168.11,191.41,0.9481,2.4132,"C6, Polarizability",300
375,5,"Q_0, r2, r2_acc, Polarizability, Polar_acc",0.949,0.8453,0.1036,3.5684,0.9373,176.93,202.57,0.9362,2.6773,Scaffold_BX-6,301
105,3,"Q_0, r2, Polarizability",0.949,0.8453,0.1036,3.5684,0.9392,172.93,193.91,0.9362,2.6773,Scaffold_BX-6,302
239,4,"Q_0, r2, Polarizability, Polar_acc",0.949,0.8453,0.1036,3.5684,0.9383,174.93,198.24,0.9362,2.6773,Scaffold_BX-6,303
237,4,"Q_0, r2, r2_acc, Polarizability",0.949,0.8453,0.1036,3.5684,0.9383,174.93,198.24,0.9362,2.6773,Scaffold_BX-6,304
230,4,"Q_0, Q_2, Polarizability, Polar_acc",0.9435,0.8452,0.0984,3.8179,0.9312,183.23,206.53,0.9291,2.8204,"Q_2, Polarizability, Scaffold_BX-6, Scaffold_Benzene",305
228,4,"Q_0, Q_2, r2_acc, Polarizability",0.9435,0.8452,0.0984,3.8179,0.9312,183.23,206.53,0.9291,2.8204,"Q_2, Polarizability, Scaffold_BX-6, Scaffold_Benzene",306
98,3,"Q_0, Q_2, Polarizability",0.9435,0.8452,0.0984,3.8179,0.9322,181.23,202.2,0.9291,2.8204,"Q_2, Polarizability, Scaffold_BX-6, Scaffold_Benzene",307
243,4,"Q_2, C6, r2, Polar_acc",0.9526,0.8452,0.1075,3.9102,0.9405,172.16,195.46,0.9503,2.3623,—,308
241,4,"Q_2, C6, r2, r2_acc",0.9526,0.8452,0.1075,3.9102,0.9405,172.16,195.46,0.9503,2.3623,—,309
377,5,"Q_2, C6, r2, r2_acc, Polar_acc",0.9526,0.8452,0.1075,3.9102,0.9396,174.16,199.79,0.9503,2.3623,—,310
380,5,"Q_2, r2, r2_acc, Polarizability, Polar_acc",0.9491,0.8452,0.1039,3.9027,0.9357,178.88,204.51,0.955,2.2482,Scaffold_Benzene,311
249,4,"Q_2, r2, Polarizability, Polar_acc",0.9491,0.8452,0.1039,3.9027,0.9367,176.88,200.18,0.955,2.2482,Scaffold_Benzene,312
247,4,"Q_2, r2, r2_acc, Polarizability",0.9491,0.8452,0.1039,3.9027,0.9367,176.88,200.18,0.955,2.2482,Scaffold_Benzene,313
115,3,"Q_2, r2, Polarizability",0.9491,0.8452,0.1039,3.9027,0.9376,174.88,195.85,0.955,2.2482,Scaffold_Benzene,314
370,5,"Q_0, Q_2, r2_acc, Polarizability, Polar_acc",0.9435,0.8452,0.0984,3.8179,0.9301,185.23,210.86,0.9291,2.8204,"Q_2, Polarizability, Scaffold_BX-6, Scaffold_Benzene",315
110,3,"Q_2, C6, r2",0.9526,0.8452,0.1075,3.9102,0.9414,170.16,191.13,0.9503,2.3623,—,316
465,6,"Q_2, C6, r2, r2_acc, Polarizability, Polar_acc",0.9538,0.8449,0.109,3.9149,0.9401,174.34,202.31,0.922,2.9591,"r2, Polarizability",317
376,5,"Q_2, C6, r2, r2_acc, Polarizability",0.9538,0.8449,0.109,3.9149,0.941,172.34,197.98,0.922,2.9591,"r2, Polarizability",318
242,4,"Q_2, C6, r2, Polarizability",0.9538,0.8449,0.109,3.9149,0.9419,170.34,193.65,0.922,2.9591,"r2, Polarizability",319
378,5,"Q_2, C6, r2, Polarizability, Polar_acc",0.9538,0.8449,0.109,3.9149,0.941,172.34,197.98,0.922,2.9591,"r2, Polarizability",320
108,3,"Q_0, r2_acc, Polar_acc",0.9371,0.8448,0.0923,3.6299,0.9254,188.52,209.5,0.933,2.7423,Scaffold_BX-6,321
30,2,"Q_0, Polar_acc",0.9371,0.8448,0.0923,3.6299,0.9265,186.52,205.16,0.933,2.7423,Scaffold_BX-6,322
28,2,"Q_0, r2_acc",0.9371,0.8448,0.0923,3.6299,0.9265,186.52,205.16,0.933,2.7423,Scaffold_BX-6,323
3,1,Q_0,0.9371,0.8448,0.0923,3.6299,0.9276,184.52,200.83,0.933,2.7423,Scaffold_BX-6,324
312,5,"Monopole, Q_2, C6, r2, Polarizability",0.9587,0.8438,0.1149,3.6553,0.9489,161.45,187.09,0.9249,2.9027,"Monopole, r2",325
434,6,"Monopole, Q_2, C6, r2, Polarizability, Polar_acc",0.9587,0.8438,0.1149,3.6553,0.9481,163.45,191.42,0.9249,2.9027,"Monopole, r2",326
309,5,"Monopole, Q_0, r2, Polarizability, Polar_acc",0.9496,0.8438,0.1058,3.6363,0.9381,175.99,201.63,0.9341,2.7197,"Monopole, r2, Polarizability, Scaffold_BX-6",327
431,6,"Monopole, Q_0, r2, r2_acc, Polarizability, Polar_acc",0.9496,0.8438,0.1058,3.6363,0.9371,177.99,205.96,0.9341,2.7197,"Monopole, r2, Polarizability, Scaffold_BX-6",328
432,6,"Monopole, Q_2, C6, r2, r2_acc, Polarizability",0.9587,0.8438,0.1149,3.6553,0.9481,163.45,191.42,0.9249,2.9027,"Monopole, r2",329
161,4,"Monopole, Q_0, r2, Polarizability",0.9496,0.8438,0.1058,3.6363,0.939,173.99,197.3,0.9341,2.7197,"Monopole, r2, Polarizability, Scaffold_BX-6",330
307,5,"Monopole, Q_0, r2, r2_acc, Polarizability",0.9496,0.8438,0.1058,3.6363,0.9381,175.99,201.63,0.9341,2.7197,"Monopole, r2, Polarizability, Scaffold_BX-6",331
493,7,"Monopole, Q_2, C6, r2, r2_acc, Polarizability, Polar_acc",0.9587,0.8438,0.1149,3.6553,0.9472,165.45,195.75,0.9249,2.9027,"Monopole, r2",332
135,4,"Monopole, Dipole_1, Q_0, Polar_acc",0.9469,0.8437,0.1032,3.5565,0.9354,178.42,201.72,0.9423,2.5457,"Scaffold_BX-6, Scaffold_Pyrimidine",333
133,4,"Monopole, Dipole_1, Q_0, r2_acc",0.9469,0.8437,0.1032,3.5565,0.9354,178.42,201.72,0.9423,2.5457,"Scaffold_BX-6, Scaffold_Pyrimidine",334
269,5,"Monopole, Dipole_1, Q_0, r2_acc, Polar_acc",0.9469,0.8437,0.1032,3.5565,0.9344,180.42,206.05,0.9423,2.5457,"Scaffold_BX-6, Scaffold_Pyrimidine",335
46,3,"Monopole, Dipole_1, Q_0",0.9469,0.8437,0.1032,3.5565,0.9364,176.42,197.39,0.9423,2.5457,"Scaffold_BX-6, Scaffold_Pyrimidine",336
422,6,"Monopole, Q_0, Q_2, C6, Polarizability, Polar_acc",0.9581,0.8429,0.1153,3.6807,0.9468,165.23,193.2,0.9417,2.558,"Q_0, C6, Polarizability, Scaffold_BX-6, Scaffold_Benzene",337
420,6,"Monopole, Q_0, Q_2, C6, r2_acc, Polarizability",0.9581,0.8429,0.1153,3.6807,0.9468,165.23,193.2,0.9417,2.558,"Q_0, C6, Polarizability, Scaffold_BX-6, Scaffold_Benzene",338
490,7,"Monopole, Q_0, Q_2, C6, r2_acc, Polarizability, Polar_acc",0.9581,0.8429,0.1153,3.6807,0.946,167.23,197.53,0.9417,2.558,"Q_0, C6, Polarizability, Scaffold_BX-6, Scaffold_Benzene",339
293,5,"Monopole, Q_0, Q_2, C6, Polarizability",0.9581,0.8429,0.1153,3.6807,0.9477,163.23,188.87,0.9417,2.558,"Q_0, C6, Polarizability, Scaffold_BX-6, Scaffold_Benzene",340
95,3,"Q_0, Q_2, C6",0.9426,0.8424,0.1002,3.8676,0.9308,182.82,203.79,0.9291,2.8217,"Q_2, C6, Scaffold_BX-6, Scaffold_Benzene",341
222,4,"Q_0, Q_2, C6, r2_acc",0.9426,0.8424,0.1002,3.8676,0.9297,184.82,208.12,0.9291,2.8217,"Q_2, C6, Scaffold_BX-6, Scaffold_Benzene",342
366,5,"Q_0, Q_2, C6, Polarizability, Polar_acc",0.958,0.8424,0.1156,3.6803,0.9475,163.41,189.05,0.9349,2.703,"Q_0, Scaffold_BX-6, Scaffold_Benzene",343
364,5,"Q_0, Q_2, C6, r2_acc, Polarizability",0.958,0.8424,0.1156,3.6803,0.9475,163.41,189.05,0.9349,2.703,"Q_0, Scaffold_BX-6, Scaffold_Benzene",344
223,4,"Q_0, Q_2, C6, Polarizability",0.958,0.8424,0.1156,3.6803,0.9483,161.41,184.72,0.9349,2.703,"Q_0, Scaffold_BX-6, Scaffold_Benzene",345
224,4,"Q_0, Q_2, C6, Polar_acc",0.9426,0.8424,0.1002,3.8676,0.9297,184.82,208.12,0.9291,2.8217,"Q_2, C6, Scaffold_BX-6, Scaffold_Benzene",346
365,5,"Q_0, Q_2, C6, r2_acc, Polar_acc",0.9426,0.8424,0.1002,3.8676,0.9286,186.82,212.45,0.9291,2.8217,"Q_2, C6, Scaffold_BX-6, Scaffold_Benzene",347
462,6,"Q_0, Q_2, C6, r2_acc, Polarizability, Polar_acc",0.958,0.8424,0.1156,3.6803,0.9467,165.41,193.38,0.9349,2.703,"Q_0, Scaffold_BX-6, Scaffold_Benzene",348
489,7,"Monopole, Q_0, Q_2, C6, r2, Polarizability, Polar_acc",0.959,0.8414,0.1177,3.737,0.9474,165.21,195.51,0.9287,2.8297,"Monopole, Q_0, r2, Scaffold_BX-6",349
509,8,"Monopole, Q_0, Q_2, C6, r2, r2_acc, Polarizability, Polar_acc",0.959,0.8414,0.1177,3.737,0.9465,167.21,199.85,0.9287,2.8297,"Monopole, Q_0, r2, Scaffold_BX-6",350
418,6,"Monopole, Q_0, Q_2, C6, r2, Polarizability",0.959,0.8414,0.1177,3.737,0.9482,163.21,191.18,0.9287,2.8297,"Monopole, Q_0, r2, Scaffold_BX-6",351
487,7,"Monopole, Q_0, Q_2, C6, r2, r2_acc, Polarizability",0.959,0.8414,0.1177,3.737,0.9474,165.21,195.51,0.9287,2.8297,"Monopole, Q_0, r2, Scaffold_BX-6",352
461,6,"Q_0, Q_2, C6, r2, Polarizability, Polar_acc",0.958,0.8413,0.1167,3.6916,0.9467,165.41,193.38,0.9364,2.6722,"Q_0, r2, Scaffold_BX-6",353
362,5,"Q_0, Q_2, C6, r2, Polarizability",0.958,0.8413,0.1167,3.6916,0.9475,163.41,189.05,0.9364,2.6722,"Q_0, r2, Scaffold_BX-6",354
459,6,"Q_0, Q_2, C6, r2, r2_acc, Polarizability",0.958,0.8413,0.1167,3.6916,0.9467,165.41,193.38,0.9364,2.6722,"Q_0, r2, Scaffold_BX-6",355
501,7,"Q_0, Q_2, C6, r2, r2_acc, Polarizability, Polar_acc",0.958,0.8413,0.1167,3.6916,0.9458,167.41,197.71,0.9364,2.6722,"Q_0, r2, Scaffold_BX-6",356
184,4,"Monopole, r2, Polarizability, Polar_acc",0.9457,0.84,0.1058,3.6141,0.9351,178.74,202.04,0.9292,2.8197,"Polarizability, Scaffold_Benzene",357
325,5,"Monopole, r2, r2_acc, Polarizability, Polar_acc",0.9457,0.84,0.1058,3.6141,0.9341,180.74,206.37,0.9292,2.8197,"Polarizability, Scaffold_Benzene",358
69,3,"Monopole, r2, Polarizability",0.9457,0.84,0.1058,3.6141,0.9361,176.74,197.71,0.9292,2.8197,"Polarizability, Scaffold_Benzene",359
182,4,"Monopole, r2, r2_acc, Polarizability",0.9457,0.84,0.1058,3.6141,0.9351,178.74,202.04,0.9292,2.8197,"Polarizability, Scaffold_Benzene",360
101,3,"Q_0, C6, r2_acc",0.9374,0.8384,0.099,3.6746,0.9255,188.43,209.41,0.9324,2.7549,"C6, Scaffold_BX-6",361
235,4,"Q_0, C6, r2_acc, Polar_acc",0.9374,0.8384,0.099,3.6746,0.9243,190.43,213.74,0.9324,2.7549,"C6, Scaffold_BX-6",362
103,3,"Q_0, C6, Polar_acc",0.9374,0.8384,0.099,3.6746,0.9255,188.43,209.41,0.9324,2.7549,"C6, Scaffold_BX-6",363
26,2,"Q_0, C6",0.9374,0.8384,0.099,3.6746,0.9266,186.43,205.08,0.9324,2.7549,"C6, Scaffold_BX-6",364
29,2,"Q_0, Polarizability",0.9374,0.8359,0.1015,3.6837,0.9265,186.51,205.16,0.9328,2.7463,"Polarizability, Scaffold_BX-6",365
107,3,"Q_0, r2_acc, Polarizability",0.9374,0.8359,0.1015,3.6837,0.9254,188.51,209.49,0.9328,2.7463,"Polarizability, Scaffold_BX-6",366
240,4,"Q_0, r2_acc, Polarizability, Polar_acc",0.9374,0.8359,0.1015,3.6837,0.9242,190.51,213.82,0.9328,2.7463,"Polarizability, Scaffold_BX-6",367
109,3,"Q_0, Polarizability, Polar_acc",0.9374,0.8359,0.1015,3.6837,0.9254,188.51,209.49,0.9328,2.7463,"Polarizability, Scaffold_BX-6",368
216,4,"Dipole_1, C6, Polarizability, Polar_acc",0.9447,0.8341,0.1106,3.5923,0.9332,180.94,204.25,0.8826,3.6312,Scaffold_BX-6,369
87,3,"Dipole_1, C6, Polarizability",0.9447,0.8341,0.1106,3.5923,0.9342,178.94,199.92,0.8826,3.6312,Scaffold_BX-6,370
214,4,"Dipole_1, C6, r2_acc, Polarizability",0.9447,0.8341,0.1106,3.5923,0.9332,180.94,204.25,0.8826,3.6312,Scaffold_BX-6,371
359,5,"Dipole_1, C6, r2_acc, Polarizability, Polar_acc",0.9447,0.8341,0.1106,3.5923,0.9322,182.94,208.58,0.8826,3.6312,Scaffold_BX-6,372
104,3,"Q_0, r2, r2_acc",0.9374,0.8337,0.1037,3.69,0.9254,188.51,209.48,0.9333,2.7372,"r2, Scaffold_BX-6",373
106,3,"Q_0, r2, Polar_acc",0.9374,0.8337,0.1037,3.69,0.9254,188.51,209.48,0.9333,2.7372,"r2, Scaffold_BX-6",374
238,4,"Q_0, r2, r2_acc, Polar_acc",0.9374,0.8337,0.1037,3.69,0.9242,190.51,213.81,0.9333,2.7372,"r2, Scaffold_BX-6",375
27,2,"Q_0, r2",0.9374,0.8337,0.1037,3.69,0.9265,186.51,205.15,0.9333,2.7372,"r2, Scaffold_BX-6",376
58,3,"Monopole, Q_0, Polar_acc",0.9377,0.83,0.1077,3.6923,0.9257,188.21,209.19,0.9345,2.7123,"Monopole, Scaffold_BX-6",377
164,4,"Monopole, Q_0, r2_acc, Polar_acc",0.9377,0.83,0.1077,3.6923,0.9245,190.21,213.52,0.9345,2.7123,"Monopole, Scaffold_BX-6",378
11,2,"Monopole, Q_0",0.9377,0.83,0.1077,3.6923,0.9268,186.21,204.86,0.9345,2.7123,"Monopole, Scaffold_BX-6",379
56,3,"Monopole, Q_0, r2_acc",0.9377,0.83,0.1077,3.6923,0.9257,188.21,209.19,0.9345,2.7123,"Monopole, Scaffold_BX-6",380
419,6,"Monopole, Q_0, Q_2, C6, r2, Polar_acc",0.9574,0.8297,0.1277,3.8394,0.9457,166.84,194.81,0.949,2.3931,"Monopole, C6, r2, Scaffold_BX-6, Scaffold_Benzene",381
291,5,"Monopole, Q_0, Q_2, C6, r2",0.9574,0.8297,0.1277,3.8394,0.9465,164.84,190.48,0.949,2.3931,"Monopole, C6, r2, Scaffold_BX-6, Scaffold_Benzene",382
488,7,"Monopole, Q_0, Q_2, C6, r2, r2_acc, Polar_acc",0.9574,0.8297,0.1277,3.8394,0.9448,168.84,199.14,0.949,2.3931,"Monopole, C6, r2, Scaffold_BX-6, Scaffold_Benzene",383
417,6,"Monopole, Q_0, Q_2, C6, r2, r2_acc",0.9574,0.8297,0.1277,3.8394,0.9457,166.84,194.81,0.949,2.3931,"Monopole, C6, r2, Scaffold_BX-6, Scaffold_Benzene",384
323,5,"Monopole, C6, r2, Polarizability, Polar_acc",0.9545,0.8272,0.1273,3.8086,0.9437,168.79,194.43,0.9301,2.8017,Scaffold_BX-6,385
321,5,"Monopole, C6, r2, r2_acc, Polarizability",0.9545,0.8272,0.1273,3.8086,0.9437,168.79,194.43,0.9301,2.8017,Scaffold_BX-6,386
437,6,"Monopole, C6, r2, r2_acc, Polarizability, Polar_acc",0.9545,0.8272,0.1273,3.8086,0.9428,170.79,198.76,0.9301,2.8017,Scaffold_BX-6,387
177,4,"Monopole, C6, r2, Polarizability",0.9545,0.8272,0.1273,3.8086,0.9446,166.79,190.1,0.9301,2.8017,Scaffold_BX-6,388
79,3,"Dipole_1, Q_0, Polar_acc",0.9396,0.8271,0.1125,3.6457,0.928,185.77,206.75,0.94,2.5959,"Scaffold_BX-6, Scaffold_BZ-5, Scaffold_BZ-6",389
199,4,"Dipole_1, Q_0, r2_acc, Polar_acc",0.9396,0.8271,0.1125,3.6457,0.9269,187.77,211.08,0.94,2.5959,"Scaffold_BX-6, Scaffold_BZ-5, Scaffold_BZ-6",390
77,3,"Dipole_1, Q_0, r2_acc",0.9396,0.8271,0.1125,3.6457,0.928,185.77,206.75,0.94,2.5959,"Scaffold_BX-6, Scaffold_BZ-5, Scaffold_BZ-6",391
18,2,"Dipole_1, Q_0",0.9396,0.8271,0.1125,3.6457,0.9291,183.77,202.42,0.94,2.5959,"Scaffold_BX-6, Scaffold_BZ-5, Scaffold_BZ-6",392
492,7,"Monopole, Q_0, C6, r2, r2_acc, Polarizability, Polar_acc",0.9554,0.827,0.1285,3.8512,0.9425,171.93,202.23,0.9359,2.6827,"Q_0, Scaffold_BX-6",393
427,6,"Monopole, Q_0, C6, r2, r2_acc, Polarizability",0.9554,0.827,0.1285,3.8512,0.9434,169.93,197.9,0.9359,2.6827,"Q_0, Scaffold_BX-6",394
302,5,"Monopole, Q_0, C6, r2, Polarizability",0.9554,0.827,0.1285,3.8512,0.9443,167.93,193.57,0.9359,2.6827,"Q_0, Scaffold_BX-6",395
429,6,"Monopole, Q_0, C6, r2, Polarizability, Polar_acc",0.9554,0.827,0.1285,3.8512,0.9434,169.93,197.9,0.9359,2.6827,"Q_0, Scaffold_BX-6",396
32,2,"Q_2, r2",0.93,0.8265,0.1035,3.9876,0.918,194.79,213.43,0.9101,3.1777,—,397
116,3,"Q_2, r2, Polar_acc",0.93,0.8265,0.1035,3.9876,0.9168,196.79,217.76,0.9101,3.1777,—,398
114,3,"Q_2, r2, r2_acc",0.93,0.8265,0.1035,3.9876,0.9168,196.79,217.76,0.9101,3.1777,—,399
248,4,"Q_2, r2, r2_acc, Polar_acc",0.93,0.8265,0.1035,3.9876,0.9155,198.79,222.1,0.9101,3.1777,—,400
231,4,"Q_0, C6, r2, r2_acc",0.9522,0.8261,0.1261,3.8459,0.9412,171.29,194.59,0.9482,2.4124,Scaffold_BX-6,401
372,5,"Q_0, C6, r2, r2_acc, Polar_acc",0.9522,0.8261,0.1261,3.8459,0.9403,173.29,198.93,0.9482,2.4124,Scaffold_BX-6,402
233,4,"Q_0, C6, r2, Polar_acc",0.9522,0.8261,0.1261,3.8459,0.9412,171.29,194.59,0.9482,2.4124,Scaffold_BX-6,403
100,3,"Q_0, C6, r2",0.9522,0.8261,0.1261,3.8459,0.9421,169.29,190.26,0.9482,2.4124,Scaffold_BX-6,404
68,3,"Monopole, r2, r2_acc",0.9364,0.8204,0.116,3.5877,0.9267,187.2,208.18,0.9292,2.819,Scaffold_BX-6,405
14,2,"Monopole, r2",0.9364,0.8204,0.116,3.5877,0.9278,185.2,203.85,0.9292,2.819,Scaffold_BX-6,406
70,3,"Monopole, r2, Polar_acc",0.9364,0.8204,0.116,3.5877,0.9267,187.2,208.18,0.9292,2.819,Scaffold_BX-6,407
183,4,"Monopole, r2, r2_acc, Polar_acc",0.9364,0.8204,0.116,3.5877,0.9255,189.2,212.51,0.9292,2.819,Scaffold_BX-6,408
119,3,"Q_2, Polarizability, Polar_acc",0.9244,0.8154,0.1091,4.0951,0.9105,202.37,223.35,0.8972,3.3974,—,409
117,3,"Q_2, r2_acc, Polarizability",0.9244,0.8154,0.1091,4.0951,0.9105,202.37,223.35,0.8972,3.3974,—,410
250,4,"Q_2, r2_acc, Polarizability, Polar_acc",0.9244,0.8154,0.1091,4.0951,0.9091,204.37,227.68,0.8972,3.3974,—,411
34,2,"Q_2, Polarizability",0.9244,0.8154,0.1091,4.0951,0.9118,200.37,219.01,0.8972,3.3974,—,412
158,4,"Monopole, Q_0, C6, Polarizability",0.9537,0.8151,0.1385,3.9588,0.9425,169.59,192.9,0.9481,2.4138,"C6, Polarizability, Scaffold_BX-6, Scaffold_Benzene",413
430,6,"Monopole, Q_0, C6, r2_acc, Polarizability, Polar_acc",0.9537,0.8151,0.1385,3.9588,0.9406,173.59,201.56,0.9481,2.4138,"C6, Polarizability, Scaffold_BX-6, Scaffold_Benzene",414
304,5,"Monopole, Q_0, C6, r2_acc, Polarizability",0.9537,0.8151,0.1385,3.9588,0.9416,171.59,197.23,0.9481,2.4138,"C6, Polarizability, Scaffold_BX-6, Scaffold_Benzene",415
306,5,"Monopole, Q_0, C6, Polarizability, Polar_acc",0.9537,0.8151,0.1385,3.9588,0.9416,171.59,197.23,0.9481,2.4138,"C6, Polarizability, Scaffold_BX-6, Scaffold_Benzene",416
102,3,"Q_0, C6, Polarizability",0.9535,0.8141,0.1394,3.9648,0.9432,167.82,188.8,0.9441,2.5048,"Polarizability, Scaffold_BX-6, Scaffold_Benzene",417
234,4,"Q_0, C6, r2_acc, Polarizability",0.9535,0.8141,0.1394,3.9648,0.9423,169.82,193.13,0.9441,2.5048,"Polarizability, Scaffold_BX-6, Scaffold_Benzene",418
374,5,"Q_0, C6, r2_acc, Polarizability, Polar_acc",0.9535,0.8141,0.1394,3.9648,0.9414,171.82,197.46,0.9441,2.5048,"Polarizability, Scaffold_BX-6, Scaffold_Benzene",419
236,4,"Q_0, C6, Polarizability, Polar_acc",0.9535,0.8141,0.1394,3.9648,0.9423,169.82,193.13,0.9441,2.5048,"Polarizability, Scaffold_BX-6, Scaffold_Benzene",420
232,4,"Q_0, C6, r2, Polarizability",0.9536,0.8129,0.1406,3.9797,0.9423,169.82,193.13,0.9442,2.503,"r2, Scaffold_BX-6, Scaffold_Benzene",421
371,5,"Q_0, C6, r2, r2_acc, Polarizability",0.9536,0.8129,0.1406,3.9797,0.9414,171.82,197.46,0.9442,2.503,"r2, Scaffold_BX-6, Scaffold_Benzene",422
373,5,"Q_0, C6, r2, Polarizability, Polar_acc",0.9536,0.8129,0.1406,3.9797,0.9414,171.82,197.46,0.9442,2.503,"r2, Scaffold_BX-6, Scaffold_Benzene",423
464,6,"Q_0, C6, r2, r2_acc, Polarizability, Polar_acc",0.9536,0.8129,0.1406,3.9797,0.9405,173.82,201.79,0.9442,2.503,"r2, Scaffold_BX-6, Scaffold_Benzene",424
166,4,"Monopole, Q_2, C6, r2",0.9546,0.8104,0.1442,4.2356,0.9422,169.9,193.2,0.9546,2.2576,"Monopole, C6, r2, Scaffold_Benzene",425
311,5,"Monopole, Q_2, C6, r2, r2_acc",0.9546,0.8104,0.1442,4.2356,0.9413,171.9,197.54,0.9546,2.2576,"Monopole, C6, r2, Scaffold_Benzene",426
313,5,"Monopole, Q_2, C6, r2, Polar_acc",0.9546,0.8104,0.1442,4.2356,0.9413,171.9,197.54,0.9546,2.2576,"Monopole, C6, r2, Scaffold_Benzene",427
433,6,"Monopole, Q_2, C6, r2, r2_acc, Polar_acc",0.9546,0.8104,0.1442,4.2356,0.9404,173.9,201.87,0.9546,2.2576,"Monopole, C6, r2, Scaffold_Benzene",428
13,2,"Monopole, C6",0.9339,0.8049,0.129,3.7601,0.9244,188.65,207.3,0.9454,2.4754,Scaffold_BX-6,429
67,3,"Monopole, C6, Polar_acc",0.9339,0.8049,0.129,3.7601,0.9233,190.65,211.63,0.9454,2.4754,Scaffold_BX-6,430
180,4,"Monopole, C6, r2_acc, Polar_acc",0.9339,0.8049,0.129,3.7601,0.9221,192.65,215.96,0.9454,2.4754,Scaffold_BX-6,431
65,3,"Monopole, C6, r2_acc",0.9339,0.8049,0.129,3.7601,0.9233,190.65,211.63,0.9454,2.4754,Scaffold_BX-6,432
16,2,"Monopole, Polarizability",0.9326,0.8046,0.128,3.7429,0.9232,189.85,208.5,0.9301,2.8008,Scaffold_BX-6,433
71,3,"Monopole, r2_acc, Polarizability",0.9326,0.8046,0.128,3.7429,0.922,191.85,212.83,0.9301,2.8008,Scaffold_BX-6,434
73,3,"Monopole, Polarizability, Polar_acc",0.9326,0.8046,0.128,3.7429,0.922,191.85,212.83,0.9301,2.8008,Scaffold_BX-6,435
185,4,"Monopole, r2_acc, Polarizability, Polar_acc",0.9326,0.8046,0.128,3.7429,0.9208,193.85,217.16,0.9301,2.8008,Scaffold_BX-6,436
428,6,"Monopole, Q_0, C6, r2, r2_acc, Polar_acc",0.9527,0.8018,0.1509,4.1015,0.9393,175.29,203.26,0.9482,2.4113,"Monopole, C6, r2, Scaffold_BX-6",437
303,5,"Monopole, Q_0, C6, r2, Polar_acc",0.9527,0.8018,0.1509,4.1015,0.9403,173.29,198.93,0.9482,2.4113,"Monopole, C6, r2, Scaffold_BX-6",438
301,5,"Monopole, Q_0, C6, r2, r2_acc",0.9527,0.8018,0.1509,4.1015,0.9403,173.29,198.93,0.9482,2.4113,"Monopole, C6, r2, Scaffold_BX-6",439
156,4,"Monopole, Q_0, C6, r2",0.9527,0.8018,0.1509,4.1015,0.9412,171.29,194.59,0.9482,2.4113,"Monopole, C6, r2, Scaffold_BX-6",440
111,3,"Q_2, C6, r2_acc",0.9175,0.8004,0.1171,4.245,0.9025,208.87,229.85,0.8931,3.4638,—,441
245,4,"Q_2, C6, r2_acc, Polar_acc",0.9175,0.8004,0.1171,4.245,0.901,210.87,234.18,0.8931,3.4638,—,442
113,3,"Q_2, C6, Polar_acc",0.9175,0.8004,0.1171,4.245,0.9025,208.87,229.85,0.8931,3.4638,—,443
31,2,"Q_2, C6",0.9175,0.8004,0.1171,4.245,0.9039,206.87,225.51,0.8931,3.4638,—,444
179,4,"Monopole, C6, r2_acc, Polarizability",0.936,0.775,0.1611,4.104,0.9222,192.5,215.81,0.9505,2.3578,"C6, Polarizability, Scaffold_BX-6, Scaffold_Benzene",445
324,5,"Monopole, C6, r2_acc, Polarizability, Polar_acc",0.936,0.775,0.1611,4.104,0.921,194.5,220.14,0.9505,2.3578,"C6, Polarizability, Scaffold_BX-6, Scaffold_Benzene",446
66,3,"Monopole, C6, Polarizability",0.936,0.775,0.1611,4.104,0.9234,190.5,211.48,0.9505,2.3578,"C6, Polarizability, Scaffold_BX-6, Scaffold_Benzene",447
181,4,"Monopole, C6, Polarizability, Polar_acc",0.936,0.775,0.1611,4.104,0.9222,192.5,215.81,0.9505,2.3578,"C6, Polarizability, Scaffold_BX-6, Scaffold_Benzene",448
20,2,"Dipole_1, C6",0.9053,0.7724,0.1328,4.1342,0.8932,214.91,233.56,0.8319,4.3439,Scaffold_BX-6,449
215,4,"Dipole_1, C6, r2_acc, Polar_acc",0.9053,0.7724,0.1328,4.1342,0.8899,218.91,242.22,0.8319,4.3439,Scaffold_BX-6,450
86,3,"Dipole_1, C6, r2_acc",0.9053,0.7724,0.1328,4.1342,0.8916,216.91,237.89,0.8319,4.3439,Scaffold_BX-6,451
88,3,"Dipole_1, C6, Polar_acc",0.9053,0.7724,0.1328,4.1342,0.8916,216.91,237.89,0.8319,4.3439,Scaffold_BX-6,452
254,4,"C6, r2_acc, Polarizability, Polar_acc",0.9276,0.7671,0.1605,4.188,0.9127,201.33,224.64,0.917,3.0531,Scaffold_BX-6,453
38,2,"C6, Polarizability",0.9276,0.7671,0.1605,4.188,0.9153,197.33,215.98,0.917,3.0531,Scaffold_BX-6,454
125,3,"C6, Polarizability, Polar_acc",0.9276,0.7671,0.1605,4.188,0.914,199.33,220.31,0.917,3.0531,Scaffold_BX-6,455
123,3,"C6, r2_acc, Polarizability",0.9276,0.7671,0.1605,4.188,0.914,199.33,220.31,0.917,3.0531,Scaffold_BX-6,456
253,4,"C6, r2, Polarizability, Polar_acc",0.9277,0.7649,0.1628,4.2038,0.9128,201.23,224.53,0.9279,2.8449,"r2, Scaffold_BX-6, Scaffold_BZ-6",457
121,3,"C6, r2, Polarizability",0.9277,0.7649,0.1628,4.2038,0.9141,199.23,220.2,0.9279,2.8449,"r2, Scaffold_BX-6, Scaffold_BZ-6",458
251,4,"C6, r2, r2_acc, Polarizability",0.9277,0.7649,0.1628,4.2038,0.9128,201.23,224.53,0.9279,2.8449,"r2, Scaffold_BX-6, Scaffold_BZ-6",459
381,5,"C6, r2, r2_acc, Polarizability, Polar_acc",0.9277,0.7649,0.1628,4.2038,0.9114,203.23,228.87,0.9279,2.8449,"r2, Scaffold_BX-6, Scaffold_BZ-6",460
120,3,"C6, r2, r2_acc",0.9253,0.7583,0.167,4.2248,0.9116,201.38,222.36,0.9516,2.3319,"Scaffold_BX-6, Scaffold_Benzene",461
252,4,"C6, r2, r2_acc, Polar_acc",0.9253,0.7583,0.167,4.2248,0.9103,203.38,226.69,0.9516,2.3319,"Scaffold_BX-6, Scaffold_Benzene",462
36,2,"C6, r2",0.9253,0.7583,0.167,4.2248,0.9129,199.38,218.03,0.9516,2.3319,"Scaffold_BX-6, Scaffold_Benzene",463
122,3,"C6, r2, Polar_acc",0.9253,0.7583,0.167,4.2248,0.9116,201.38,222.36,0.9516,2.3319,"Scaffold_BX-6, Scaffold_Benzene",464
64,3,"Monopole, C6, r2",0.9406,0.7417,0.199,4.5313,0.9272,186.63,207.61,0.917,3.0525,"Monopole, C6, r2",465
178,4,"Monopole, C6, r2, Polar_acc",0.9406,0.7417,0.199,4.5313,0.9261,188.63,211.94,0.917,3.0525,"Monopole, C6, r2",466
176,4,"Monopole, C6, r2, r2_acc",0.9406,0.7417,0.199,4.5313,0.9261,188.63,211.94,0.917,3.0525,"Monopole, C6, r2",467
322,5,"Monopole, C6, r2, r2_acc, Polar_acc",0.9406,0.7417,0.199,4.5313,0.9249,190.63,216.27,0.917,3.0525,"Monopole, C6, r2",468
255,4,"r2, r2_acc, Polarizability, Polar_acc",0.9177,0.7394,0.1784,4.3556,0.902,210.06,233.37,0.9333,2.7373,Scaffold_BX-6,469
126,3,"r2, r2_acc, Polarizability",0.9177,0.7394,0.1784,4.3556,0.9035,208.06,229.04,0.9333,2.7373,Scaffold_BX-6,470
128,3,"r2, Polarizability, Polar_acc",0.9177,0.7394,0.1784,4.3556,0.9035,208.06,229.04,0.9333,2.7373,Scaffold_BX-6,471
41,2,"r2, Polarizability",0.9177,0.7394,0.1784,4.3556,0.9049,206.06,224.71,0.9333,2.7373,Scaffold_BX-6,472
220,4,"Dipole_1, r2_acc, Polarizability, Polar_acc",0.8947,0.7365,0.1582,4.4001,0.8772,227.22,250.53,0.847,4.1447,Scaffold_BX-6,473
92,3,"Dipole_1, r2_acc, Polarizability",0.8947,0.7365,0.1582,4.4001,0.8791,225.22,246.2,0.847,4.1447,Scaffold_BX-6,474
94,3,"Dipole_1, Polarizability, Polar_acc",0.8947,0.7365,0.1582,4.4001,0.8791,225.22,246.2,0.847,4.1447,Scaffold_BX-6,475
23,2,"Dipole_1, Polarizability",0.8947,0.7365,0.1582,4.4001,0.8809,223.22,241.87,0.847,4.1447,Scaffold_BX-6,476
89,3,"Dipole_1, r2, r2_acc",0.8856,0.6993,0.1863,4.6707,0.8678,231.99,252.96,0.86,3.9644,Scaffold_BX-6,477
21,2,"Dipole_1, r2",0.8856,0.6993,0.1863,4.6707,0.8698,229.99,248.63,0.86,3.9644,Scaffold_BX-6,478
218,4,"Dipole_1, r2, r2_acc, Polar_acc",0.8856,0.6993,0.1863,4.6707,0.8658,233.99,257.29,0.86,3.9644,Scaffold_BX-6,479
91,3,"Dipole_1, r2, Polar_acc",0.8856,0.6993,0.1863,4.6707,0.8678,231.99,252.96,0.86,3.9644,Scaffold_BX-6,480
22,2,"Dipole_1, r2_acc",0.8809,0.6737,0.2071,4.8255,0.8638,233.39,252.03,0.8921,3.4805,Scaffold_BX-6,481
93,3,"Dipole_1, r2_acc, Polar_acc",0.8809,0.6737,0.2071,4.8255,0.8618,235.39,256.36,0.8921,3.4805,Scaffold_BX-6,482
24,2,"Dipole_1, Polar_acc",0.8809,0.6737,0.2071,4.8255,0.8638,233.39,252.03,0.8921,3.4805,Scaffold_BX-6,483
2,1,Dipole_1,0.8809,0.6737,0.2071,4.8255,0.8658,231.39,247.7,0.8921,3.4805,Scaffold_BX-6,484
10,2,"Monopole, Dipole_1",0.8847,0.6709,0.2138,4.8198,0.8677,231.19,249.83,0.9141,3.1055,Scaffold_BX-6,485
50,3,"Monopole, Dipole_1, r2_acc",0.8847,0.6709,0.2138,4.8198,0.8657,233.19,254.16,0.9141,3.1055,Scaffold_BX-6,486
52,3,"Monopole, Dipole_1, Polar_acc",0.8847,0.6709,0.2138,4.8198,0.8657,233.19,254.16,0.9141,3.1055,Scaffold_BX-6,487
149,4,"Monopole, Dipole_1, r2_acc, Polar_acc",0.8847,0.6709,0.2138,4.8198,0.8636,235.19,258.49,0.9141,3.1055,Scaffold_BX-6,488
15,2,"Monopole, r2_acc",0.8833,0.6647,0.2187,4.8599,0.866,232.13,250.78,0.9191,3.013,Scaffold_BX-6,489
72,3,"Monopole, r2_acc, Polar_acc",0.8833,0.6647,0.2187,4.8599,0.864,234.13,255.11,0.9191,3.013,Scaffold_BX-6,490
1,1,Monopole,0.8833,0.6647,0.2187,4.8599,0.868,230.13,246.45,0.9191,3.013,Scaffold_BX-6,491
17,2,"Monopole, Polar_acc",0.8833,0.6647,0.2187,4.8599,0.866,232.13,250.78,0.9191,3.013,Scaffold_BX-6,492
42,2,"r2, Polar_acc",0.8635,0.6162,0.2473,5.234,0.8431,244.15,262.8,0.9022,3.3134,Scaffold_BX-6,493
40,2,"r2, r2_acc",0.8635,0.6162,0.2473,5.234,0.8431,244.15,262.8,0.9022,3.3134,Scaffold_BX-6,494
127,3,"r2, r2_acc, Polar_acc",0.8635,0.6162,0.2473,5.234,0.8407,246.15,267.13,0.9022,3.3134,Scaffold_BX-6,495
6,1,r2,0.8635,0.6162,0.2473,5.234,0.8454,242.15,258.47,0.9022,3.3134,Scaffold_BX-6,496
43,2,"r2_acc, Polarizability",0.856,0.5997,0.2563,5.3647,0.8343,248.28,266.93,0.8937,3.4543,Scaffold_BX-6,497
8,1,Polarizability,0.856,0.5997,0.2563,5.3647,0.8368,246.28,262.6,0.8937,3.4543,Scaffold_BX-6,498
45,2,"Polarizability, Polar_acc",0.856,0.5997,0.2563,5.3647,0.8343,248.28,266.93,0.8937,3.4543,Scaffold_BX-6,499
129,3,"r2_acc, Polarizability, Polar_acc",0.856,0.5997,0.2563,5.3647,0.8318,250.28,271.26,0.8937,3.4543,Scaffold_BX-6,500
37,2,"C6, r2_acc",0.8472,0.5797,0.2675,5.5121,0.8241,252.83,271.48,0.8902,3.5114,Scaffold_BX-6,501
39,2,"C6, Polar_acc",0.8472,0.5797,0.2675,5.5121,0.8241,252.83,271.48,0.8902,3.5114,Scaffold_BX-6,502
124,3,"C6, r2_acc, Polar_acc",0.8472,0.5797,0.2675,5.5121,0.8214,254.83,275.81,0.8902,3.5114,Scaffold_BX-6,503
5,1,C6,0.8472,0.5797,0.2675,5.5121,0.8267,250.83,267.15,0.8902,3.5114,Scaffold_BX-6,504
118,3,"Q_2, r2_acc, Polar_acc",0.3356,0.16,0.1756,10.1647,0.221,366.78,387.76,0.5312,7.2544,"Scaffold_BZ-5, Scaffold_BZ-6",505
33,2,"Q_2, r2_acc",0.3356,0.16,0.1756,10.1647,0.2327,364.78,383.43,0.5312,7.2544,"Scaffold_BZ-5, Scaffold_BZ-6",506
35,2,"Q_2, Polar_acc",0.3356,0.16,0.1756,10.1647,0.2327,364.78,383.43,0.5312,7.2544,"Scaffold_BZ-5, Scaffold_BZ-6",507
4,1,Q_2,0.3356,0.16,0.1756,10.1647,0.2439,362.78,379.1,0.5312,7.2544,"Scaffold_BZ-5, Scaffold_BZ-6",508
44,2,"r2_acc, Polar_acc",0.1249,-0.1902,0.3151,11.7338,0.0066,384.41,403.06,-0.1968,11.5913,"Scaffold_BX-6, Scaffold_BZ-5, Scaffold_BZ-6, Scaffold_Benzene",509
7,1,r2_acc,0.1249,-0.1902,0.3151,11.7338,0.0212,382.41,398.72,-0.1968,11.5913,"Scaffold_BX-6, Scaffold_BZ-5, Scaffold_BZ-6, Scaffold_Benzene",510
9,1,Polar_acc,0.1249,-0.1902,0.3151,11.7338,0.0212,382.41,398.72,-0.1968,11.5913,"Scaffold_BX-6, Scaffold_BZ-5, Scaffold_BZ-6, Scaffold_Benzene",511
